iyear,country_txt,longitude,latitude,nkill,radius
1970,Argentina,-63.62,-38.42,5,2.821928095
1970,Brazil,-51.93,-14.24,2,1.5
1970,Canada,-106.35,56.13,1,0.5
1970,Dominican Republic,-0.19,51.52,1,0.5
1970,Ethiopia,40.49,9.15,1,0.5
1970,Germany,10.45,51.17,8,3.5
1970,Greece,21.82,39.07,2,1.5
1970,Guatemala,-90.23,15.78,2,1.5
1970,Ireland,-8.24,53.41,1,0.5
1970,Jordan,36.24,30.59,1,0.5
1970,Netherlands,5.29,52.13,1,0.5
1970,Pakistan,69.35,30.38,4,2.5
1970,Paraguay,-58.44,-23.44,1,0.5
1970,Philippines,121.77,12.88,41,5.857552005
1970,Switzerland,8.23,46.82,47,6.054588852
1970,United Kingdom,-3.44,55.38,20,4.821928095
1970,United States,-95.71,37.09,33,5.544394119
1970,Uruguay,-55.77,-32.52,3,2.084962501
1971,Argentina,-63.62,-38.42,5,2.821928095
1971,Cambodia,104.55,11.33,2,1.5
1971,Egypt,30.8,26.82,1,0.5
1971,Iran,53.69,32.43,4,2.5
1971,Ireland,-8.24,53.41,1,0.5
1971,Israel,34.85,31.05,1,0.5
1971,Sweden,18.64,60.13,1,0.5
1971,Taiwan,120.96,23.7,25,5.14385619
1971,Turkey,35.24,38.96,1,0.5
1971,United Kingdom,-3.44,55.38,110,7.281359714
1971,United States,-95.71,37.09,20,4.821928095
1971,Uruguay,-55.77,-32.52,1,0.5
1971,Zambia,27.85,-13.13,1,0.5
1972,Argentina,-63.62,-38.42,5,2.821928095
1972,Australia,133.78,-25.27,1,0.5
1972,Austria,14.55,47.52,4,2.5
1972,Cambodia,104.55,11.33,1,0.5
1972,Canada,-106.35,56.13,1,0.5
1972,Colombia,-74.3,4.57,1,0.5
1972,Czechoslovakia,15.47,49.82,26,5.200439718
1972,France,2.21,46.23,1,0.5
1972,Germany,10.45,51.17,23,5.023561956
1972,Iran,53.69,32.43,1,0.5
1972,Ireland,-8.24,53.41,6,3.084962501
1972,Israel,34.85,31.05,26,5.200439718
1972,Italy,12.57,41.87,1,0.5
1972,Jordan,36.24,30.59,2,1.5
1972,Philippines,121.77,12.88,2,1.5
1972,Spain,-3.75,40.46,2,1.5
1972,Turkey,35.24,38.96,3,2.084962501
1972,United Kingdom,-3.44,55.38,368,9.023561956
1972,United States,-95.71,37.09,10,3.821928095
1973,Argentina,-63.62,-38.42,16,4.5
1973,Cyprus,33.43,35.13,1,0.5
1973,France,2.21,46.23,5,2.821928095
1973,Germany,10.45,51.17,1,0.5
1973,Greece,21.82,39.07,5,2.821928095
1973,Iran,53.69,32.43,1,0.5
1973,Ireland,-8.24,53.41,4,2.5
1973,Israel,34.85,31.05,2,1.5
1973,Italy,12.57,41.87,62,6.45419631
1973,Lebanon,35.86,33.85,4,2.5
1973,Mexico,-102.55,23.63,1,0.5
1973,Netherlands,5.29,52.13,1,0.5
1973,Spain,-3.75,40.46,6,3.084962501
1973,Sudan,30.22,12.86,3,2.084962501
1973,United Kingdom,-3.44,55.38,210,8.214245518
1973,United States,-95.71,37.09,45,5.991853096
1973,Yugoslavia,121.02,14.48,1,0.5
1973,Zambia,27.85,-13.13,2,1.5
1974,Argentina,-63.62,-38.42,21,4.892317423
1974,Botswana,24.68,-22.33,1,0.5
1974,Ethiopia,40.49,9.15,3,2.084962501
1974,France,2.21,46.23,3,2.084962501
1974,Germany,10.45,51.17,2,1.5
1974,Greece,21.82,39.07,92,7.023561956
1974,Iran,53.69,32.43,1,0.5
1974,Ireland,-8.24,53.41,34,5.587462841
1974,Israel,34.85,31.05,78,6.785402219
1974,Italy,12.57,41.87,23,5.023561956
1974,Mexico,-102.55,23.63,2,1.5
1974,Netherlands,5.29,52.13,1,0.5
1974,Philippines,121.77,12.88,3,2.084962501
1974,Spain,-3.75,40.46,19,4.747927513
1974,Syria,39,34.8,1,0.5
1974,Thailand,100.99,15.87,2,1.5
1974,United Arab Emirates,53.85,23.42,1,0.5
1974,United Kingdom,-3.44,55.38,235,8.376516947
1974,United States,-95.71,37.09,16,4.5
1975,Argentina,-63.62,-38.42,123,7.442514505
1975,Austria,14.55,47.52,4,2.5
1975,Colombia,-74.3,4.57,7,3.307354922
1975,El Salvador,-88.9,13.79,2,1.5
1975,France,2.21,46.23,3,2.084962501
1975,Germany,10.45,51.17,1,0.5
1975,Greece,21.82,39.07,1,0.5
1975,Guatemala,-90.23,15.78,23,5.023561956
1975,India,78.96,20.59,4,2.5
1975,Iran,53.69,32.43,8,3.5
1975,Ireland,-8.24,53.41,7,3.307354922
1975,Israel,34.85,31.05,24,5.084962501
1975,Kenya,37.91,-0.02,27,5.254887502
1975,Lebanon,35.86,33.85,28,5.307354922
1975,Mexico,-102.55,23.63,32,5.5
1975,Namibia,18.49,-22.96,1,0.5
1975,Netherlands,5.29,52.13,4,2.5
1975,Nicaragua,-85.21,12.87,11,3.959431619
1975,Pakistan,69.35,30.38,1,0.5
1975,Philippines,121.77,12.88,1,0.5
1975,Spain,-3.75,40.46,31,5.45419631
1975,Sri Lanka,80.77,7.87,1,0.5
1975,Sweden,18.64,60.13,3,2.084962501
1975,United Kingdom,-3.44,55.38,245,8.436637939
1975,United States,-95.71,37.09,24,5.084962501
1975,Zambia,27.85,-13.13,1,0.5
1976,Argentina,-63.62,-38.42,122,7.430737338
1976,Barbados,-59.54,13.19,73,6.689824559
1976,Colombia,-74.3,4.57,10,3.821928095
1976,Ecuador,-78.18,-1.83,1,0.5
1976,El Salvador,-88.9,13.79,3,2.084962501
1976,France,2.21,46.23,7,3.307354922
1976,Germany,10.45,51.17,4,2.5
1976,Greece,21.82,39.07,14,4.307354922
1976,Guatemala,-90.23,15.78,8,3.5
1976,Iran,53.69,32.43,5,2.821928095
1976,Iraq,43.68,33.22,12,4.084962501
1976,Ireland,-8.24,53.41,5,2.821928095
1976,Israel,34.85,31.05,1,0.5
1976,Italy,12.57,41.87,9,3.669925001
1976,Japan,138.25,36.2,2,1.5
1976,Jordan,36.24,30.59,9,3.669925001
1976,Lebanon,35.86,33.85,4,2.5
1976,Mexico,-102.55,23.63,26,5.200439718
1976,Namibia,18.49,-22.96,3,2.084962501
1976,Nigeria,8.68,9.08,3,2.084962501
1976,Pakistan,69.35,30.38,1,0.5
1976,Paraguay,-58.44,-23.44,1,0.5
1976,Philippines,121.77,12.88,47,6.054588852
1976,Portugal,-8.22,39.4,3,2.084962501
1976,South Africa,22.94,-30.56,2,1.5
1976,Spain,-3.75,40.46,17,4.587462841
1976,Syria,39,34.8,5,2.821928095
1976,Turkey,35.24,38.96,7,3.307354922
1976,United Kingdom,-3.44,55.38,264,8.544394119
1976,United States,-95.71,37.09,4,2.5
1977,Argentina,-63.62,-38.42,7,3.307354922
1977,Austria,14.55,47.52,1,0.5
1977,Colombia,-74.3,4.57,38,5.747927513
1977,Djibouti,42.59,11.83,1,0.5
1977,Ecuador,-78.18,-1.83,1,0.5
1977,Egypt,30.8,26.82,1,0.5
1977,El Salvador,-88.9,13.79,4,2.5
1977,Ethiopia,40.49,9.15,5,2.821928095
1977,France,2.21,46.23,3,2.084962501
1977,Germany,10.45,51.17,6,3.084962501
1977,Greece,21.82,39.07,1,0.5
1977,Guatemala,-90.23,15.78,6,3.084962501
1977,Indonesia,113.92,-0.79,1,0.5
1977,Iran,53.69,32.43,2,1.5
1977,Ireland,-8.24,53.41,2,1.5
1977,Israel,34.85,31.05,5,2.821928095
1977,Italy,12.57,41.87,25,5.14385619
1977,Lebanon,35.86,33.85,3,2.084962501
1977,Malaysia,101.98,4.21,100,7.14385619
1977,Malta,14.38,35.94,1,0.5
1977,Mexico,-102.55,23.63,11,3.959431619
1977,Netherlands,5.29,52.13,9,3.669925001
1977,Nicaragua,-85.21,12.87,26,5.200439718
1977,South Africa,22.94,-30.56,5,2.821928095
1977,Spain,-3.75,40.46,44,5.959431619
1977,Syria,39,34.8,1,0.5
1977,Thailand,100.99,15.87,1,0.5
1977,Turkey,35.24,38.96,29,5.357980995
1977,United Arab Emirates,53.85,23.42,1,0.5
1977,United Kingdom,-3.44,55.38,103,7.186500527
1977,United States,-95.71,37.09,5,2.821928095
1977,Venezuela,-66.59,6.42,1,0.5
1977,Yugoslavia,121.02,14.48,1,0.5
1977,Zaire,21.76,-4.04,1,0.5
1977,Zambia,27.85,-13.13,1,0.5
1978,Argentina,-63.62,-38.42,13,4.200439718
1978,Australia,133.78,-25.27,2,1.5
1978,Belgium,4.47,50.5,1,0.5
1978,Brazil,-51.93,-14.24,1,0.5
1978,Cambodia,104.55,11.33,1,0.5
1978,Colombia,-74.3,4.57,71,6.64974712
1978,Cyprus,33.43,35.13,16,4.5
1978,Dominican Republic,-0.19,51.52,3,2.084962501
1978,Ecuador,-78.18,-1.83,2,1.5
1978,Egypt,30.8,26.82,2,1.5
1978,El Salvador,-88.9,13.79,33,5.544394119
1978,Ethiopia,40.49,9.15,25,5.14385619
1978,France,2.21,46.23,21,4.892317423
1978,Guatemala,-90.23,15.78,35,5.629283017
1978,Guyana,-58.93,4.86,5,2.821928095
1978,Iran,53.69,32.43,447,9.304131021
1978,Ireland,-8.24,53.41,1,0.5
1978,Israel,34.85,31.05,52,6.200439718
1978,Italy,12.57,41.87,26,5.200439718
1978,Japan,138.25,36.2,4,2.5
1978,Kenya,37.91,-0.02,4,2.5
1978,Kuwait,47.48,29.31,1,0.5
1978,Lebanon,35.86,33.85,107,7.241466986
1978,Mexico,-102.55,23.63,7,3.307354922
1978,Morocco,-7.09,31.79,10,3.821928095
1978,Mozambique,35.53,-18.67,2,1.5
1978,Namibia,18.49,-22.96,2,1.5
1978,Netherlands,5.29,52.13,1,0.5
1978,Nicaragua,-85.21,12.87,93,7.039158811
1978,Pakistan,69.35,30.38,5,2.821928095
1978,Philippines,121.77,12.88,128,7.5
1978,South Africa,22.94,-30.56,6,3.084962501
1978,Spain,-3.75,40.46,84,6.892317423
1978,Thailand,100.99,15.87,29,5.357980995
1978,Turkey,35.24,38.96,40,5.821928095
1978,United Arab Emirates,53.85,23.42,5,2.821928095
1978,United Kingdom,-3.44,55.38,81,6.839850003
1978,United States,-95.71,37.09,8,3.5
1978,Venezuela,-66.59,6.42,1,0.5
1979,Afghanistan,67.71,33.94,53,6.227920455
1979,Angola,17.87,-11.2,19,4.747927513
1979,Argentina,-63.62,-38.42,11,3.959431619
1979,Belgium,4.47,50.5,1,0.5
1979,Brazil,-51.93,-14.24,4,2.5
1979,Chile,-71.54,-35.68,6,3.084962501
1979,Colombia,-74.3,4.57,156,7.785402219
1979,Costa Rica,-83.75,9.75,3,2.084962501
1979,Cyprus,33.43,35.13,2,1.5
1979,Djibouti,42.59,11.83,4,2.5
1979,Dominican Republic,-0.19,51.52,1,0.5
1979,Egypt,30.8,26.82,1,0.5
1979,El Salvador,-88.9,13.79,286,8.659871337
1979,Ethiopia,40.49,9.15,101,7.158211483
1979,France,2.21,46.23,11,3.959431619
1979,Gabon,11.61,-0.8,2,1.5
1979,Greece,21.82,39.07,1,0.5
1979,Guatemala,-90.23,15.78,53,6.227920455
1979,Guyana,-58.93,4.86,1,0.5
1979,Honduras,-86.24,15.2,1,0.5
1979,India,78.96,20.59,31,5.45419631
1979,Iran,53.69,32.43,57,6.332890014
1979,Iraq,43.68,33.22,1,0.5
1979,Ireland,-8.24,53.41,9,3.669925001
1979,Israel,34.85,31.05,63,6.477279923
1979,Italy,12.57,41.87,24,5.084962501
1979,Jamaica,-77.3,18.11,4,2.5
1979,Japan,138.25,36.2,5,2.821928095
1979,Lebanon,35.86,33.85,33,5.544394119
1979,Malaysia,101.98,4.21,5,2.821928095
1979,Mexico,-102.55,23.63,5,2.821928095
1979,Mozambique,35.53,-18.67,34,5.587462841
1979,Namibia,18.49,-22.96,32,5.5
1979,Netherlands,5.29,52.13,3,2.084962501
1979,Nicaragua,-85.21,12.87,187,8.04689446
1979,Pakistan,69.35,30.38,6,3.084962501
1979,Panama,-80.78,8.54,1,0.5
1979,Peru,-75.02,-9.19,5,2.821928095
1979,Philippines,121.77,12.88,107,7.241466986
1979,Portugal,-8.22,39.4,3,2.084962501
1979,Saudi Arabia,45.08,23.89,5,2.821928095
1979,South Africa,22.94,-30.56,8,3.5
1979,Spain,-3.75,40.46,112,7.307354922
1979,Sri Lanka,80.77,7.87,2,1.5
1979,Sweden,18.64,60.13,1,0.5
1979,Switzerland,8.23,46.82,1,0.5
1979,Syria,39,34.8,80,6.821928095
1979,Tanzania,34.89,-6.37,1,0.5
1979,Thailand,100.99,15.87,62,6.45419631
1979,Turkey,35.24,38.96,123,7.442514505
1979,Uganda,32.29,1.37,13,4.200439718
1979,United Kingdom,-3.44,55.38,133,7.555282436
1979,United States,-95.71,37.09,18,4.669925001
1980,Australia,133.78,-25.27,2,1.5
1980,Bangladesh,90.36,23.68,6,3.084962501
1980,Belgium,4.47,50.5,2,1.5
1980,Bolivia,-63.59,-16.29,11,3.959431619
1980,Brazil,-51.93,-14.24,19,4.747927513
1980,Chile,-71.54,-35.68,6,3.084962501
1980,Colombia,-74.3,4.57,159,7.812882955
1980,Cyprus,33.43,35.13,3,2.084962501
1980,Dominican Republic,-0.19,51.52,1,0.5
1980,Ecuador,-78.18,-1.83,2,1.5
1980,Egypt,30.8,26.82,1,0.5
1980,El Salvador,-88.9,13.79,2383,11.71856324
1980,France,2.21,46.23,20,4.821928095
1980,Germany,10.45,51.17,17,4.587462841
1980,Greece,21.82,39.07,5,2.821928095
1980,Grenada,-61.68,12.12,9,3.669925001
1980,Guatemala,-90.23,15.78,528,9.544394119
1980,Guinea,-9.7,9.95,1,0.5
1980,Guyana,-58.93,4.86,1,0.5
1980,Honduras,-86.24,15.2,6,3.084962501
1980,India,78.96,20.59,17,4.587462841
1980,Iran,53.69,32.43,55,6.281359714
1980,Iraq,43.68,33.22,8,3.5
1980,Ireland,-8.24,53.41,3,2.084962501
1980,Israel,34.85,31.05,14,4.307354922
1980,Italy,12.57,41.87,134,7.56608919
1980,Jamaica,-77.3,18.11,11,3.959431619
1980,Jordan,36.24,30.59,1,0.5
1980,Kenya,37.91,-0.02,15,4.406890596
1980,Lebanon,35.86,33.85,90,6.991853096
1980,Mexico,-102.55,23.63,3,2.084962501
1980,Namibia,18.49,-22.96,2,1.5
1980,Nicaragua,-85.21,12.87,37,5.709453366
1980,Pakistan,69.35,30.38,17,4.587462841
1980,Paraguay,-58.44,-23.44,3,2.084962501
1980,Peru,-75.02,-9.19,2,1.5
1980,Philippines,121.77,12.88,163,7.848728154
1980,Portugal,-8.22,39.4,3,2.084962501
1980,South Africa,22.94,-30.56,26,5.200439718
1980,Spain,-3.75,40.46,116,7.357980995
1980,Syria,39,34.8,89,6.975733431
1980,Thailand,100.99,15.87,75,6.72881869
1980,Tunisia,9.54,33.89,41,5.857552005
1980,Turkey,35.24,38.96,111,7.294415866
1980,United Arab Emirates,53.85,23.42,1,0.5
1980,United Kingdom,-3.44,55.38,78,6.785402219
1980,United States,-95.71,37.09,15,4.406890596
1980,Venezuela,-66.59,6.42,3,2.084962501
1980,Zimbabwe,29.15,-19.02,13,4.200439718
1981,Angola,17.87,-11.2,3,2.084962501
1981,Australia,133.78,-25.27,1,0.5
1981,Austria,14.55,47.52,3,2.084962501
1981,Bangladesh,90.36,23.68,6,3.084962501
1981,Belgium,4.47,50.5,6,3.084962501
1981,Bolivia,-63.59,-16.29,1,0.5
1981,Brazil,-51.93,-14.24,2,1.5
1981,Central African Republic,20.94,6.61,3,2.084962501
1981,Chile,-71.54,-35.68,19,4.747927513
1981,Colombia,-74.3,4.57,365,9.011752654
1981,Costa Rica,-83.75,9.75,4,2.5
1981,Ecuador,-78.18,-1.83,2,1.5
1981,Egypt,30.8,26.82,67,6.56608919
1981,El Salvador,-88.9,13.79,1578,11.12388149
1981,France,2.21,46.23,8,3.5
1981,Germany,10.45,51.17,2,1.5
1981,Greece,21.82,39.07,3,2.084962501
1981,Guatemala,-90.23,15.78,1381,10.9314976
1981,Guyana,-58.93,4.86,1,0.5
1981,Honduras,-86.24,15.2,7,3.307354922
1981,India,78.96,20.59,24,5.084962501
1981,Indonesia,113.92,-0.79,4,2.5
1981,Iran,53.69,32.43,224,8.307354922
1981,Ireland,-8.24,53.41,2,1.5
1981,Israel,34.85,31.05,3,2.084962501
1981,Italy,12.57,41.87,24,5.084962501
1981,Jamaica,-77.3,18.11,5,2.821928095
1981,Kuwait,47.48,29.31,2,1.5
1981,Lebanon,35.86,33.85,264,8.544394119
1981,Lesotho,28.23,-29.61,10,3.821928095
1981,Mozambique,35.53,-18.67,6,3.084962501
1981,Nicaragua,-85.21,12.87,172,7.926264755
1981,Pakistan,69.35,30.38,4,2.5
1981,Panama,-80.78,8.54,1,0.5
1981,Peru,-75.02,-9.19,10,3.821928095
1981,Philippines,121.77,12.88,176,7.959431619
1981,Portugal,-8.22,39.4,2,1.5
1981,South Africa,22.94,-30.56,8,3.5
1981,Spain,-3.75,40.46,39,5.785402219
1981,Sri Lanka,80.77,7.87,3,2.084962501
1981,Sudan,30.22,12.86,2,1.5
1981,Switzerland,8.23,46.82,2,1.5
1981,Syria,39,34.8,192,8.084962501
1981,Thailand,100.99,15.87,21,4.892317423
1981,Turkey,35.24,38.96,11,3.959431619
1981,Uganda,32.29,1.37,57,6.332890014
1981,United Arab Emirates,53.85,23.42,2,1.5
1981,United Kingdom,-3.44,55.38,86,6.926264755
1981,United States,-95.71,37.09,8,3.5
1981,Venezuela,-66.59,6.42,2,1.5
1981,Zimbabwe,29.15,-19.02,13,4.200439718
1982,Angola,17.87,-11.2,2,1.5
1982,Argentina,-63.62,-38.42,1,0.5
1982,Brazil,-51.93,-14.24,27,5.254887502
1982,Bulgaria,25.49,42.73,2,1.5
1982,Canada,-106.35,56.13,1,0.5
1982,Chile,-71.54,-35.68,2,1.5
1982,Colombia,-74.3,4.57,368,9.023561956
1982,Congo,15.83,-0.23,15,4.406890596
1982,Costa Rica,-83.75,9.75,4,2.5
1982,Dominican Republic,-0.19,51.52,5,2.821928095
1982,Ecuador,-78.18,-1.83,1,0.5
1982,El Salvador,-88.9,13.79,1549,11.09712143
1982,France,2.21,46.23,17,4.587462841
1982,Germany,10.45,51.17,5,2.821928095
1982,Greece,21.82,39.07,2,1.5
1982,Guatemala,-90.23,15.78,1562,11.10917874
1982,Honduras,-86.24,15.2,24,5.084962501
1982,India,78.96,20.59,64,6.5
1982,Iran,53.69,32.43,139,7.618941073
1982,Iraq,43.68,33.22,96,7.084962501
1982,Ireland,-8.24,53.41,2,1.5
1982,Italy,12.57,41.87,12,4.084962501
1982,Lebanon,35.86,33.85,234,8.37036472
1982,Mexico,-102.55,23.63,1,0.5
1982,Mozambique,35.53,-18.67,18,4.669925001
1982,Namibia,18.49,-22.96,2,1.5
1982,Nicaragua,-85.21,12.87,254,8.488684687
1982,Pakistan,69.35,30.38,3,2.084962501
1982,Peru,-75.02,-9.19,243,8.424812504
1982,Philippines,121.77,12.88,139,7.618941073
1982,Portugal,-8.22,39.4,3,2.084962501
1982,Qatar,51.18,25.35,1,0.5
1982,South Africa,22.94,-30.56,9,3.669925001
1982,Spain,-3.75,40.46,42,5.892317423
1982,Sri Lanka,80.77,7.87,7,3.307354922
1982,Syria,39,34.8,98,7.114709844
1982,Thailand,100.99,15.87,1,0.5
1982,Turkey,35.24,38.96,9,3.669925001
1982,United Kingdom,-3.44,55.38,95,7.069855608
1982,United States,-95.71,37.09,10,3.821928095
1982,Venezuela,-66.59,6.42,30,5.406890596
1982,Zimbabwe,29.15,-19.02,22,4.959431619
1983,Angola,17.87,-11.2,282,8.639551352
1983,Argentina,-63.62,-38.42,1,0.5
1983,Belgium,4.47,50.5,2,1.5
1983,Chile,-71.54,-35.68,15,4.406890596
1983,Colombia,-74.3,4.57,437,9.27148947
1983,El Salvador,-88.9,13.79,1667,11.20303839
1983,France,2.21,46.23,20,4.821928095
1983,French Guiana,-53.13,3.93,1,0.5
1983,Germany,10.45,51.17,2,1.5
1983,Greece,21.82,39.07,4,2.5
1983,Guatemala,-90.23,15.78,530,9.549848549
1983,Haiti,-72.29,18.97,5,2.821928095
1983,Honduras,-86.24,15.2,75,6.72881869
1983,India,78.96,20.59,59,6.382643049
1983,Iraq,43.68,33.22,1,0.5
1983,Ireland,-8.24,53.41,5,2.821928095
1983,Israel,34.85,31.05,16,4.5
1983,Italy,12.57,41.87,2,1.5
1983,Japan,138.25,36.2,2,1.5
1983,Kuwait,47.48,29.31,1,0.5
1983,Lebanon,35.86,33.85,615,9.7644426
1983,Lesotho,28.23,-29.61,30,5.406890596
1983,Mozambique,35.53,-18.67,5,2.821928095
1983,Namibia,18.49,-22.96,4,2.5
1983,Nicaragua,-85.21,12.87,3277,12.17815996
1983,Nigeria,8.68,9.08,1,0.5
1983,Pakistan,69.35,30.38,10,3.821928095
1983,Peru,-75.02,-9.19,1818,11.32813648
1983,Philippines,121.77,12.88,101,7.158211483
1983,Portugal,-8.22,39.4,8,3.5
1983,South Africa,22.94,-30.56,28,5.307354922
1983,Spain,-3.75,40.46,42,5.892317423
1983,Sri Lanka,80.77,7.87,6,3.084962501
1983,Sweden,18.64,60.13,1,0.5
1983,Syria,39,34.8,1,0.5
1983,Turkey,35.24,38.96,2,1.5
1983,Uganda,32.29,1.37,121,7.418863237
1983,United Arab Emirates,53.85,23.42,111,7.294415866
1983,United Kingdom,-3.44,55.38,77,6.766786541
1983,United States,-95.71,37.09,8,3.5
1983,Venezuela,-66.59,6.42,7,3.307354922
1983,Yugoslavia,121.02,14.48,2,1.5
1983,Zimbabwe,29.15,-19.02,11,3.959431619
1984,Angola,17.87,-11.2,179,7.983815777
1984,Argentina,-63.62,-38.42,1,0.5
1984,Austria,14.55,47.52,2,1.5
1984,Bangladesh,90.36,23.68,1,0.5
1984,Bolivia,-63.59,-16.29,1,0.5
1984,Chile,-71.54,-35.68,37,5.709453366
1984,Colombia,-74.3,4.57,485,9.421840937
1984,Cyprus,33.43,35.13,6,3.084962501
1984,Ecuador,-78.18,-1.83,1,0.5
1984,El Salvador,-88.9,13.79,1315,10.86084708
1984,Ethiopia,40.49,9.15,200,8.14385619
1984,France,2.21,46.23,15,4.406890596
1984,Greece,21.82,39.07,5,2.821928095
1984,Guatemala,-90.23,15.78,171,7.917852515
1984,Honduras,-86.24,15.2,5,2.821928095
1984,India,78.96,20.59,195,8.107330314
1984,Indonesia,113.92,-0.79,2,1.5
1984,Iran,53.69,32.43,29,5.357980995
1984,Ireland,-8.24,53.41,1,0.5
1984,Israel,34.85,31.05,7,3.307354922
1984,Italy,12.57,41.87,23,5.023561956
1984,Jordan,36.24,30.59,1,0.5
1984,Kuwait,47.48,29.31,4,2.5
1984,Lebanon,35.86,33.85,61,6.430737338
1984,Lesotho,28.23,-29.61,1,0.5
1984,Libya,17.23,26.34,15,4.406890596
1984,Mexico,-102.55,23.63,13,4.200439718
1984,Mozambique,35.53,-18.67,56,6.307354922
1984,Namibia,18.49,-22.96,26,5.200439718
1984,New Zealand,174.89,-40.9,1,0.5
1984,Nicaragua,-85.21,12.87,3617,12.32057788
1984,Pakistan,69.35,30.38,12,4.084962501
1984,Paraguay,-58.44,-23.44,1,0.5
1984,Peru,-75.02,-9.19,2467,11.768542
1984,Philippines,121.77,12.88,262,8.533423002
1984,Portugal,-8.22,39.4,3,2.084962501
1984,Romania,24.97,45.94,1,0.5
1984,South Africa,22.94,-30.56,21,4.892317423
1984,Spain,-3.75,40.46,51,6.172425342
1984,Sri Lanka,80.77,7.87,485,9.421840937
1984,Sudan,30.22,12.86,305,8.752665432
1984,Swaziland,31.47,-26.52,1,0.5
1984,Turkey,35.24,38.96,27,5.254887502
1984,Uganda,32.29,1.37,235,8.376516947
1984,United Kingdom,-3.44,55.38,69,6.608524457
1984,United States,-95.71,37.09,3,2.084962501
1984,Venezuela,-66.59,6.42,2,1.5
1984,Yugoslavia,121.02,14.48,2,1.5
1984,Zaire,21.76,-4.04,2,1.5
1984,Zimbabwe,29.15,-19.02,4,2.5
1985,Angola,17.87,-11.2,6,3.084962501
1985,Argentina,-63.62,-38.42,2,1.5
1985,Austria,14.55,47.52,4,2.5
1985,Belgium,4.47,50.5,10,3.821928095
1985,Canada,-106.35,56.13,331,8.870687407
1985,Chile,-71.54,-35.68,30,5.406890596
1985,Colombia,-74.3,4.57,935,10.36882255
1985,Cyprus,33.43,35.13,3,2.084962501
1985,Denmark,9.5,56.26,1,0.5
1985,Ecuador,-78.18,-1.83,4,2.5
1985,Egypt,30.8,26.82,2,1.5
1985,El Salvador,-88.9,13.79,1013,10.48441846
1985,France,2.21,46.23,17,4.587462841
1985,Germany,10.45,51.17,9,3.669925001
1985,Greece,21.82,39.07,64,6.5
1985,Guatemala,-90.23,15.78,137,7.598032083
1985,Honduras,-86.24,15.2,7,3.307354922
1985,India,78.96,20.59,51,6.172425342
1985,Indonesia,113.92,-0.79,7,3.307354922
1985,Iran,53.69,32.43,22,4.959431619
1985,Ireland,-8.24,53.41,2,1.5
1985,Italy,12.57,41.87,19,4.747927513
1985,Japan,138.25,36.2,2,1.5
1985,Kuwait,47.48,29.31,11,3.959431619
1985,Lebanon,35.86,33.85,656,9.857552005
1985,Mozambique,35.53,-18.67,8,3.5
1985,Namibia,18.49,-22.96,74,6.709453366
1985,Nepal,84.12,28.39,6,3.084962501
1985,Nicaragua,-85.21,12.87,1575,11.12113611
1985,Niger,8.08,17.61,3,2.084962501
1985,Peru,-75.02,-9.19,729,10.009775
1985,Philippines,121.77,12.88,452,9.320178962
1985,Portugal,-8.22,39.4,1,0.5
1985,Romania,24.97,45.94,2,1.5
1985,Saudi Arabia,45.08,23.89,1,0.5
1985,South Africa,22.94,-30.56,82,6.857552005
1985,Spain,-3.75,40.46,67,6.56608919
1985,Sri Lanka,80.77,7.87,611,9.75502857
1985,Syria,39,34.8,30,5.406890596
1985,Togo,0.82,8.62,1,0.5
1985,Turkey,35.24,38.96,1,0.5
1985,Uganda,32.29,1.37,32,5.5
1985,United Kingdom,-3.44,55.38,64,6.5
1985,United States,-95.71,37.09,3,2.084962501
1985,Zimbabwe,29.15,-19.02,5,2.821928095
1986,Angola,17.87,-11.2,119,7.394817763
1986,Argentina,-63.62,-38.42,2,1.5
1986,Australia,133.78,-25.27,1,0.5
1986,Bangladesh,90.36,23.68,54,6.254887502
1986,Bolivia,-63.59,-16.29,1,0.5
1986,Brazil,-51.93,-14.24,14,4.307354922
1986,Chile,-71.54,-35.68,22,4.959431619
1986,Colombia,-74.3,4.57,771,10.09058705
1986,Cyprus,33.43,35.13,1,0.5
1986,Ecuador,-78.18,-1.83,13,4.200439718
1986,Egypt,30.8,26.82,12,4.084962501
1986,El Salvador,-88.9,13.79,293,8.694756854
1986,Ethiopia,40.49,9.15,40,5.821928095
1986,France,2.21,46.23,25,5.14385619
1986,Germany,10.45,51.17,10,3.821928095
1986,Greece,21.82,39.07,6,3.084962501
1986,Guatemala,-90.23,15.78,54,6.254887502
1986,Honduras,-86.24,15.2,10,3.821928095
1986,India,78.96,20.59,340,8.909390936
1986,Iran,53.69,32.43,39,5.785402219
1986,Israel,34.85,31.05,8,3.5
1986,Italy,12.57,41.87,1,0.5
1986,Jamaica,-77.3,18.11,3,2.084962501
1986,Japan,138.25,36.2,3,2.084962501
1986,Lebanon,35.86,33.85,247,8.448367232
1986,Malaysia,101.98,4.21,20,4.821928095
1986,Malta,14.38,35.94,1,0.5
1986,Morocco,-7.09,31.79,2,1.5
1986,Mozambique,35.53,-18.67,470,9.376516947
1986,Namibia,18.49,-22.96,5,2.821928095
1986,Nicaragua,-85.21,12.87,395,9.125708843
1986,Pakistan,69.35,30.38,60,6.406890596
1986,Peru,-75.02,-9.19,513,9.502815016
1986,Philippines,121.77,12.88,322,8.830916878
1986,Portugal,-8.22,39.4,1,0.5
1986,Saudi Arabia,45.08,23.89,62,6.45419631
1986,South Africa,22.94,-30.56,153,7.757387843
1986,Spain,-3.75,40.46,57,6.332890014
1986,Sri Lanka,80.77,7.87,690,9.930452552
1986,Sudan,30.22,12.86,8,3.5
1986,Suriname,-56.03,3.92,2,1.5
1986,Sweden,18.64,60.13,1,0.5
1986,Syria,39,34.8,8,3.5
1986,Turkey,35.24,38.96,26,5.200439718
1986,Uganda,32.29,1.37,1,0.5
1986,United Kingdom,-3.44,55.38,63,6.477279923
1986,United States,-95.71,37.09,1,0.5
1986,Venezuela,-66.59,6.42,13,4.200439718
1986,Zambia,27.85,-13.13,2,1.5
1986,Zimbabwe,29.15,-19.02,1,0.5
1987,Angola,17.87,-11.2,5,2.821928095
1987,Argentina,-63.62,-38.42,3,2.084962501
1987,Bangladesh,90.36,23.68,26,5.200439718
1987,Belgium,4.47,50.5,1,0.5
1987,Bolivia,-63.59,-16.29,1,0.5
1987,Botswana,24.68,-22.33,3,2.084962501
1987,Chile,-71.54,-35.68,9,3.669925001
1987,Colombia,-74.3,4.57,655,9.855351096
1987,Cyprus,33.43,35.13,1,0.5
1987,Djibouti,42.59,11.83,10,3.821928095
1987,Dominican Republic,-0.19,51.52,7,3.307354922
1987,Egypt,30.8,26.82,1,0.5
1987,El Salvador,-88.9,13.79,421,9.217676423
1987,France,2.21,46.23,5,2.821928095
1987,Germany,10.45,51.17,2,1.5
1987,Greece,21.82,39.07,2,1.5
1987,Guatemala,-90.23,15.78,211,8.221099189
1987,Haiti,-72.29,18.97,4,2.5
1987,Honduras,-86.24,15.2,21,4.892317423
1987,India,78.96,20.59,506,9.482993575
1987,Ireland,-8.24,53.41,6,3.084962501
1987,Israel,34.85,31.05,11,3.959431619
1987,Italy,12.57,41.87,3,2.084962501
1987,Japan,138.25,36.2,1,0.5
1987,Kuwait,47.48,29.31,1,0.5
1987,Lebanon,35.86,33.85,178,7.975733431
1987,Morocco,-7.09,31.79,200,8.14385619
1987,Mozambique,35.53,-18.67,468,9.37036472
1987,Namibia,18.49,-22.96,2,1.5
1987,Nicaragua,-85.21,12.87,549,9.600662339
1987,Norway,8.47,60.47,1,0.5
1987,Pakistan,69.35,30.38,183,8.015699838
1987,Panama,-80.78,8.54,1,0.5
1987,Peru,-75.02,-9.19,773,10.0943246
1987,Philippines,121.77,12.88,404,9.158211483
1987,South Africa,22.94,-30.56,120,7.406890596
1987,Spain,-3.75,40.46,68,6.587462841
1987,Sri Lanka,80.77,7.87,1274,10.81514956
1987,Suriname,-56.03,3.92,6,3.084962501
1987,Swaziland,31.47,-26.52,4,2.5
1987,Switzerland,8.23,46.82,1,0.5
1987,Turkey,35.24,38.96,187,8.04689446
1987,Uganda,32.29,1.37,1,0.5
1987,United Kingdom,-3.44,55.38,104,7.200439718
1987,United States,-95.71,37.09,1,0.5
1987,Venezuela,-66.59,6.42,3,2.084962501
1987,Zimbabwe,29.15,-19.02,35,5.629283017
1988,Afghanistan,67.71,33.94,128,7.5
1988,Angola,17.87,-11.2,145,7.67990909
1988,Argentina,-63.62,-38.42,1,0.5
1988,Bangladesh,90.36,23.68,87,6.942943496
1988,Belgium,4.47,50.5,1,0.5
1988,Bolivia,-63.59,-16.29,2,1.5
1988,Botswana,24.68,-22.33,1,0.5
1988,Chile,-71.54,-35.68,19,4.747927513
1988,Colombia,-74.3,4.57,1096,10.59803208
1988,Cyprus,33.43,35.13,6,3.084962501
1988,Ecuador,-78.18,-1.83,4,2.5
1988,Egypt,30.8,26.82,1,0.5
1988,El Salvador,-88.9,13.79,361,8.995855027
1988,France,2.21,46.23,6,3.084962501
1988,Germany,10.45,51.17,1,0.5
1988,Greece,21.82,39.07,14,4.307354922
1988,Guatemala,-90.23,15.78,135,7.576815597
1988,Haiti,-72.29,18.97,3,2.084962501
1988,Honduras,-86.24,15.2,32,5.5
1988,India,78.96,20.59,966,10.41587938
1988,Iran,53.69,32.43,18,4.669925001
1988,Iraq,43.68,33.22,43,5.926264755
1988,Israel,34.85,31.05,12,4.084962501
1988,Italy,12.57,41.87,6,3.084962501
1988,Kuwait,47.48,29.31,2,1.5
1988,Lebanon,35.86,33.85,176,7.959431619
1988,Lesotho,28.23,-29.61,4,2.5
1988,Malaysia,101.98,4.21,9,3.669925001
1988,Maldives,73.54,1.98,19,4.747927513
1988,Mexico,-102.55,23.63,2,1.5
1988,Mozambique,35.53,-18.67,145,7.67990909
1988,Namibia,18.49,-22.96,25,5.14385619
1988,Netherlands,5.29,52.13,4,2.5
1988,Nicaragua,-85.21,12.87,208,8.200439718
1988,Nigeria,8.68,9.08,4,2.5
1988,Pakistan,69.35,30.38,136,7.587462841
1988,Peru,-75.02,-9.19,855,10.23978061
1988,Philippines,121.77,12.88,550,9.603287808
1988,Portugal,-8.22,39.4,2,1.5
1988,Senegal,-14.45,14.5,2,1.5
1988,South Africa,22.94,-30.56,152,7.747927513
1988,Spain,-3.75,40.46,25,5.14385619
1988,Sri Lanka,80.77,7.87,885,10.28953364
1988,Sudan,30.22,12.86,58,6.357980995
1988,Suriname,-56.03,3.92,6,3.084962501
1988,Thailand,100.99,15.87,10,3.821928095
1988,Turkey,35.24,38.96,102,7.172425342
1988,Uganda,32.29,1.37,160,7.821928095
1988,United Kingdom,-3.44,55.38,370,9.031381461
1988,United States,-95.71,37.09,1,0.5
1988,Venezuela,-66.59,6.42,41,5.857552005
1988,Zaire,21.76,-4.04,28,5.307354922
1988,Zambia,27.85,-13.13,9,3.669925001
1988,Zimbabwe,29.15,-19.02,2,1.5
1989,Afghanistan,67.71,33.94,10,3.821928095
1989,Angola,17.87,-11.2,88,6.959431619
1989,Argentina,-63.62,-38.42,26,5.200439718
1989,Austria,14.55,47.52,3,2.084962501
1989,Bangladesh,90.36,23.68,131,7.533423002
1989,Belgium,4.47,50.5,4,2.5
1989,Bolivia,-63.59,-16.29,2,1.5
1989,Brazil,-51.93,-14.24,1,0.5
1989,Cambodia,104.55,11.33,11,3.959431619
1989,Canada,-106.35,56.13,15,4.406890596
1989,Chile,-71.54,-35.68,19,4.747927513
1989,China,104.2,35.86,20,4.821928095
1989,Colombia,-74.3,4.57,751,10.0526691
1989,Costa Rica,-83.75,9.75,1,0.5
1989,Cyprus,33.43,35.13,1,0.5
1989,Dominican Republic,-0.19,51.52,1,0.5
1989,Ecuador,-78.18,-1.83,9,3.669925001
1989,Egypt,30.8,26.82,1,0.5
1989,El Salvador,-88.9,13.79,350,8.951211112
1989,Ethiopia,40.49,9.15,1,0.5
1989,France,2.21,46.23,3,2.084962501
1989,Germany,10.45,51.17,5,2.821928095
1989,Greece,21.82,39.07,4,2.5
1989,Guatemala,-90.23,15.78,43,5.926264755
1989,Honduras,-86.24,15.2,9,3.669925001
1989,India,78.96,20.59,874,10.27148947
1989,Indonesia,113.92,-0.79,85,6.909390936
1989,Iran,53.69,32.43,14,4.307354922
1989,Ireland,-8.24,53.41,3,2.084962501
1989,Israel,34.85,31.05,35,5.629283017
1989,Japan,138.25,36.2,2,1.5
1989,Kenya,37.91,-0.02,4,2.5
1989,Laos,102.5,19.86,2,1.5
1989,Lebanon,35.86,33.85,114,7.332890014
1989,Mozambique,35.53,-18.67,710,9.971675214
1989,Namibia,18.49,-22.96,1,0.5
1989,Nicaragua,-85.21,12.87,48,6.084962501
1989,Niger,8.08,17.61,171,7.917852515
1989,Pakistan,69.35,30.38,56,6.307354922
1989,Peru,-75.02,-9.19,1502,11.0526691
1989,Philippines,121.77,12.88,393,9.118385502
1989,Portugal,-8.22,39.4,1,0.5
1989,Qatar,51.18,25.35,3,2.084962501
1989,Saudi Arabia,45.08,23.89,1,0.5
1989,South Africa,22.94,-30.56,57,6.332890014
1989,Spain,-3.75,40.46,29,5.357980995
1989,Sri Lanka,80.77,7.87,1822,11.33130724
1989,Sudan,30.22,12.86,14,4.307354922
1989,Suriname,-56.03,3.92,14,4.307354922
1989,Thailand,100.99,15.87,35,5.629283017
1989,Turkey,35.24,38.96,232,8.357980995
1989,Uganda,32.29,1.37,72,6.669925001
1989,United Arab Emirates,53.85,23.42,1,0.5
1989,United Kingdom,-3.44,55.38,66,6.544394119
1989,United States,-95.71,37.09,3,2.084962501
1989,Uruguay,-55.77,-32.52,1,0.5
1989,Venezuela,-66.59,6.42,14,4.307354922
1989,Zambia,27.85,-13.13,33,5.544394119
1989,Zimbabwe,29.15,-19.02,21,4.892317423
1990,Afghanistan,67.71,33.94,12,4.084962501
1990,Algeria,1.66,28.03,3,2.084962501
1990,Angola,17.87,-11.2,147,7.699672345
1990,Argentina,-63.62,-38.42,1,0.5
1990,Bangladesh,90.36,23.68,66,6.544394119
1990,Belgium,4.47,50.5,2,1.5
1990,Bolivia,-63.59,-16.29,6,3.084962501
1990,Botswana,24.68,-22.33,6,3.084962501
1990,Brazil,-51.93,-14.24,3,2.084962501
1990,Chile,-71.54,-35.68,8,3.5
1990,China,104.2,35.86,2,1.5
1990,Colombia,-74.3,4.57,694,9.938791853
1990,Djibouti,42.59,11.83,1,0.5
1990,Dominican Republic,-0.19,51.52,3,2.084962501
1990,Ecuador,-78.18,-1.83,3,2.084962501
1990,Egypt,30.8,26.82,21,4.892317423
1990,El Salvador,-88.9,13.79,294,8.699672345
1990,Ethiopia,40.49,9.15,17,4.587462841
1990,France,2.21,46.23,3,2.084962501
1990,Germany,10.45,51.17,1,0.5
1990,Greece,21.82,39.07,2,1.5
1990,Guatemala,-90.23,15.78,68,6.587462841
1990,Haiti,-72.29,18.97,13,4.200439718
1990,Honduras,-86.24,15.2,3,2.084962501
1990,India,78.96,20.59,907,10.32495874
1990,Indonesia,113.92,-0.79,12,4.084962501
1990,Iran,53.69,32.43,10,3.821928095
1990,Israel,34.85,31.05,45,5.991853096
1990,Japan,138.25,36.2,2,1.5
1990,Lebanon,35.86,33.85,113,7.320178962
1990,Liberia,-9.43,6.43,2,1.5
1990,Mali,-4,17.57,14,4.307354922
1990,Mexico,-102.55,23.63,3,2.084962501
1990,Mozambique,35.53,-18.67,185,8.031381461
1990,Netherlands,5.29,52.13,2,1.5
1990,Nicaragua,-85.21,12.87,23,5.023561956
1990,Pakistan,69.35,30.38,188,8.054588852
1990,Panama,-80.78,8.54,2,1.5
1990,Peru,-75.02,-9.19,1146,10.66239133
1990,Philippines,121.77,12.88,457,9.336050355
1990,Poland,19.15,51.92,1,0.5
1990,Senegal,-14.45,14.5,20,4.821928095
1990,South Africa,22.94,-30.56,150,7.72881869
1990,Spain,-3.75,40.46,32,5.5
1990,Sri Lanka,80.77,7.87,1393,10.94397954
1990,Sweden,18.64,60.13,1,0.5
1990,Switzerland,8.23,46.82,1,0.5
1990,Thailand,100.99,15.87,22,4.959431619
1990,Turkey,35.24,38.96,512,9.5
1990,Uganda,32.29,1.37,84,6.892317423
1990,United Kingdom,-3.44,55.38,76,6.747927513
1990,United States,-95.71,37.09,5,2.821928095
1990,Zambia,27.85,-13.13,20,4.821928095
1990,Zimbabwe,29.15,-19.02,9,3.669925001
1991,Afghanistan,67.71,33.94,68,6.587462841
1991,Algeria,1.66,28.03,42,5.892317423
1991,Angola,17.87,-11.2,69,6.608524457
1991,Argentina,-63.62,-38.42,1,0.5
1991,Azerbaijan,47.58,40.14,26,5.200439718
1991,Bahrain,50.56,26.07,1,0.5
1991,Bangladesh,90.36,23.68,69,6.608524457
1991,Belgium,4.47,50.5,1,0.5
1991,Belize,-88.5,17.19,2,1.5
1991,Bolivia,-63.59,-16.29,7,3.307354922
1991,Brazil,-51.93,-14.24,12,4.084962501
1991,Burundi,29.92,-3.37,117,7.37036472
1991,Cambodia,104.55,11.33,16,4.5
1991,Cameroon,12.35,7.37,36,5.669925001
1991,Central African Republic,20.94,6.61,3,2.084962501
1991,Chad,18.73,15.45,40,5.821928095
1991,Chile,-71.54,-35.68,16,4.5
1991,Colombia,-74.3,4.57,742,10.03527538
1991,Croatia,15.2,45.1,237,8.388743249
1991,Czechoslovakia,15.47,49.82,1,0.5
1991,Djibouti,42.59,11.83,8,3.5
1991,Dominican Republic,-0.19,51.52,1,0.5
1991,Egypt,30.8,26.82,8,3.5
1991,El Salvador,-88.9,13.79,426,9.23470962
1991,Ethiopia,40.49,9.15,161,7.830916878
1991,France,2.21,46.23,6,3.084962501
1991,Georgia,-82.9,32.17,2,1.5
1991,Germany,10.45,51.17,11,3.959431619
1991,Greece,21.82,39.07,15,4.406890596
1991,Guatemala,-90.23,15.78,73,6.689824559
1991,Haiti,-72.29,18.97,137,7.598032083
1991,Honduras,-86.24,15.2,18,4.669925001
1991,India,78.96,20.59,1113,10.62023788
1991,Indonesia,113.92,-0.79,21,4.892317423
1991,Iran,53.69,32.43,2,1.5
1991,Iraq,43.68,33.22,1,0.5
1991,Ireland,-8.24,53.41,3,2.084962501
1991,Israel,34.85,31.05,24,5.084962501
1991,Japan,138.25,36.2,1,0.5
1991,Jordan,36.24,30.59,1,0.5
1991,Kuwait,47.48,29.31,1,0.5
1991,Lebanon,35.86,33.85,98,7.114709844
1991,Madagascar,46.87,-18.77,4,2.5
1991,Mali,-4,17.57,43,5.926264755
1991,Mexico,-102.55,23.63,13,4.200439718
1991,Morocco,-7.09,31.79,3,2.084962501
1991,Mozambique,35.53,-18.67,271,8.582149041
1991,Namibia,18.49,-22.96,3,2.084962501
1991,Nicaragua,-85.21,12.87,54,6.254887502
1991,Niger,8.08,17.61,8,3.5
1991,Nigeria,8.68,9.08,10,3.821928095
1991,Pakistan,69.35,30.38,231,8.351749041
1991,Panama,-80.78,8.54,2,1.5
1991,Peru,-75.02,-9.19,1412,10.96352437
1991,Philippines,121.77,12.88,432,9.254887502
1991,Romania,24.97,45.94,1,0.5
1991,Senegal,-14.45,14.5,5,2.821928095
1991,Sierra Leone,-11.78,8.46,128,7.5
1991,Singapore,103.82,1.35,4,2.5
1991,South Africa,22.94,-30.56,384,9.084962501
1991,Spain,-3.75,40.46,46,6.023561956
1991,Sri Lanka,80.77,7.87,1034,10.51402047
1991,Sudan,30.22,12.86,32,5.5
1991,Suriname,-56.03,3.92,1,0.5
1991,Sweden,18.64,60.13,1,0.5
1991,Taiwan,120.96,23.7,7,3.307354922
1991,Thailand,100.99,15.87,11,3.959431619
1991,Togo,0.82,8.62,13,4.200439718
1991,Tunisia,9.54,33.89,4,2.5
1991,Turkey,35.24,38.96,308,8.766786541
1991,Uganda,32.29,1.37,2,1.5
1991,United Kingdom,-3.44,55.38,88,6.959431619
1991,United States,-95.71,37.09,26,5.200439718
1991,Venezuela,-66.59,6.42,47,6.054588852
1991,Yemen,44.13,15.21,1,0.5
1991,Yugoslavia,121.02,14.48,6,3.084962501
1991,Zaire,21.76,-4.04,3,2.084962501
1992,Afghanistan,67.71,33.94,49,6.114709844
1992,Albania,20.17,41.15,1,0.5
1992,Algeria,1.66,28.03,236,8.382643049
1992,Angola,17.87,-11.2,97,7.099912842
1992,Argentina,-63.62,-38.42,33,5.544394119
1992,Armenia,45.04,40.07,2,1.5
1992,Australia,133.78,-25.27,1,0.5
1992,Azerbaijan,47.58,40.14,186,8.039158811
1992,Bangladesh,90.36,23.68,101,7.158211483
1992,Barbados,-59.54,13.19,3,2.084962501
1992,Belgium,4.47,50.5,1,0.5
1992,Belize,-88.5,17.19,1,0.5
1992,Bolivia,-63.59,-16.29,5,2.821928095
1992,Brazil,-51.93,-14.24,28,5.307354922
1992,Burundi,29.92,-3.37,61,6.430737338
1992,Cambodia,104.55,11.33,64,6.5
1992,Cameroon,12.35,7.37,6,3.084962501
1992,Central African Republic,20.94,6.61,1,0.5
1992,Chad,18.73,15.45,170,7.909390936
1992,Chile,-71.54,-35.68,12,4.084962501
1992,China,104.2,35.86,9,3.669925001
1992,Colombia,-74.3,4.57,631,9.801496195
1992,Croatia,15.2,45.1,2,1.5
1992,Cuba,-77.78,21.52,3,2.084962501
1992,Denmark,9.5,56.26,1,0.5
1992,Djibouti,42.59,11.83,228,8.332890014
1992,Dominican Republic,-0.19,51.52,1,0.5
1992,Ecuador,-78.18,-1.83,2,1.5
1992,Egypt,30.8,26.82,49,6.114709844
1992,El Salvador,-88.9,13.79,23,5.023561956
1992,Ethiopia,40.49,9.15,330,8.866322214
1992,Fiji,178.07,-17.71,1,0.5
1992,France,2.21,46.23,9,3.669925001
1992,Georgia,-82.9,32.17,109,7.268184325
1992,Germany,10.45,51.17,17,4.587462841
1992,Greece,21.82,39.07,2,1.5
1992,Guatemala,-90.23,15.78,28,5.307354922
1992,Haiti,-72.29,18.97,18,4.669925001
1992,Honduras,-86.24,15.2,5,2.821928095
1992,Hong Kong,114.11,22.4,1,0.5
1992,India,78.96,20.59,1152,10.669925
1992,Indonesia,113.92,-0.79,33,5.544394119
1992,Iran,53.69,32.43,9,3.669925001
1992,Iraq,43.68,33.22,117,7.37036472
1992,Israel,34.85,31.05,28,5.307354922
1992,Italy,12.57,41.87,17,4.587462841
1992,Ivory Coast,-5.55,7.54,1,0.5
1992,Jamaica,-77.3,18.11,5,2.821928095
1992,Jordan,36.24,30.59,1,0.5
1992,Kenya,37.91,-0.02,155,7.776124405
1992,Kuwait,47.48,29.31,2,1.5
1992,Laos,102.5,19.86,3,2.084962501
1992,Lebanon,35.86,33.85,79,6.803780748
1992,Liberia,-9.43,6.43,37,5.709453366
1992,Madagascar,46.87,-18.77,16,4.5
1992,Malawi,34.3,-13.25,32,5.5
1992,Mali,-4,17.57,5,2.821928095
1992,Malta,14.38,35.94,1,0.5
1992,Mexico,-102.55,23.63,6,3.084962501
1992,Morocco,-7.09,31.79,2,1.5
1992,Mozambique,35.53,-18.67,155,7.776124405
1992,Nepal,84.12,28.39,9,3.669925001
1992,Nicaragua,-85.21,12.87,22,4.959431619
1992,Niger,8.08,17.61,34,5.587462841
1992,Nigeria,8.68,9.08,135,7.576815597
1992,Pakistan,69.35,30.38,152,7.747927513
1992,Panama,-80.78,8.54,3,2.084962501
1992,Peru,-75.02,-9.19,818,10.17595703
1992,Philippines,121.77,12.88,395,9.125708843
1992,Poland,19.15,51.92,4,2.5
1992,Russia,105.32,61.52,34,5.587462841
1992,Senegal,-14.45,14.5,64,6.5
1992,Sierra Leone,-11.78,8.46,21,4.892317423
1992,South Africa,22.94,-30.56,706,9.963524373
1992,Spain,-3.75,40.46,29,5.357980995
1992,Sri Lanka,80.77,7.87,984,10.44251451
1992,Sudan,30.22,12.86,13,4.200439718
1992,Sweden,18.64,60.13,2,1.5
1992,Switzerland,8.23,46.82,6,3.084962501
1992,Taiwan,120.96,23.7,16,4.5
1992,Thailand,100.99,15.87,39,5.785402219
1992,Togo,0.82,8.62,12,4.084962501
1992,Turkey,35.24,38.96,1233,10.76795708
1992,Uganda,32.29,1.37,2,1.5
1992,Ukraine,31.17,48.38,1,0.5
1992,United Kingdom,-3.44,55.38,97,7.099912842
1992,United States,-95.71,37.09,2,1.5
1992,Venezuela,-66.59,6.42,7,3.307354922
1992,Yemen,44.13,15.21,20,4.821928095
1992,Yugoslavia,121.02,14.48,3,2.084962501
1992,Zaire,21.76,-4.04,10,3.821928095
1993,,,,,
1994,Afghanistan,67.71,33.94,22,4.959431619
1994,Albania,20.17,41.15,1,0.5
1994,Algeria,1.66,28.03,500,9.465784285
1994,Angola,17.87,-11.2,108,7.254887502
1994,Argentina,-63.62,-38.42,86,6.926264755
1994,Armenia,45.04,40.07,15,4.406890596
1994,Australia,133.78,-25.27,3,2.084962501
1994,Azerbaijan,47.58,40.14,30,5.406890596
1994,Bangladesh,90.36,23.68,30,5.406890596
1994,Bolivia,-63.59,-16.29,1,0.5
1994,Brazil,-51.93,-14.24,15,4.406890596
1994,Bulgaria,25.49,42.73,1,0.5
1994,Burundi,29.92,-3.37,265,8.549848549
1994,Cambodia,104.55,11.33,225,8.313781191
1994,Cameroon,12.35,7.37,33,5.544394119
1994,Central African Republic,20.94,6.61,2,1.5
1994,Chad,18.73,15.45,1,0.5
1994,China,104.2,35.86,18,4.669925001
1994,Colombia,-74.3,4.57,218,8.268184325
1994,Costa Rica,-83.75,9.75,1,0.5
1994,Croatia,15.2,45.1,3,2.084962501
1994,Cuba,-77.78,21.52,3,2.084962501
1994,Cyprus,33.43,35.13,2,1.5
1994,Djibouti,42.59,11.83,6,3.084962501
1994,Dominican Republic,-0.19,51.52,2,1.5
1994,Egypt,30.8,26.82,173,7.934628228
1994,El Salvador,-88.9,13.79,22,4.959431619
1994,Ethiopia,40.49,9.15,6,3.084962501
1994,France,2.21,46.23,7,3.307354922
1994,Gambia,-15.31,13.44,13,4.200439718
1994,Georgia,-82.9,32.17,29,5.357980995
1994,Germany,10.45,51.17,2,1.5
1994,Ghana,-1.02,7.95,13,4.200439718
1994,Greece,21.82,39.07,3,2.084962501
1994,Guatemala,-90.23,15.78,22,4.959431619
1994,Guinea,-9.7,9.95,2,1.5
1994,Haiti,-72.29,18.97,87,6.942943496
1994,Honduras,-86.24,15.2,10,3.821928095
1994,Hong Kong,114.11,22.4,3,2.084962501
1994,India,78.96,20.59,389,9.103626345
1994,Indonesia,113.92,-0.79,1,0.5
1994,Iran,53.69,32.43,74,6.709453366
1994,Iraq,43.68,33.22,75,6.72881869
1994,Ireland,-8.24,53.41,4,2.5
1994,Israel,34.85,31.05,54,6.254887502
1994,Italy,12.57,41.87,2,1.5
1994,Ivory Coast,-5.55,7.54,5,2.821928095
1994,Jamaica,-77.3,18.11,2,1.5
1994,Japan,138.25,36.2,8,3.5
1994,Kenya,37.91,-0.02,40,5.821928095
1994,Laos,102.5,19.86,2,1.5
1994,Latvia,24.6,56.88,1,0.5
1994,Lebanon,35.86,33.85,57,6.332890014
1994,Liberia,-9.43,6.43,110,7.281359714
1994,Mali,-4,17.57,131,7.533423002
1994,Mexico,-102.55,23.63,88,6.959431619
1994,Nepal,84.12,28.39,4,2.5
1994,Nicaragua,-85.21,12.87,12,4.084962501
1994,Niger,8.08,17.61,53,6.227920455
1994,Nigeria,8.68,9.08,15,4.406890596
1994,North Korea,127.51,40.34,3,2.084962501
1994,Pakistan,69.35,30.38,354,8.96760555
1994,Panama,-80.78,8.54,21,4.892317423
1994,Paraguay,-58.44,-23.44,1,0.5
1994,Peru,-75.02,-9.19,81,6.839850003
1994,Philippines,121.77,12.88,126,7.477279923
1994,Portugal,-8.22,39.4,2,1.5
1994,Russia,105.32,61.52,34,5.587462841
1994,Senegal,-14.45,14.5,5,2.821928095
1994,Sierra Leone,-11.78,8.46,228,8.332890014
1994,Singapore,103.82,1.35,1,0.5
1994,Slovenia,15,46.15,1,0.5
1994,South Africa,22.94,-30.56,447,9.304131021
1994,Spain,-3.75,40.46,17,4.587462841
1994,Sri Lanka,80.77,7.87,186,8.039158811
1994,Sudan,30.22,12.86,17,4.587462841
1994,Taiwan,120.96,23.7,1,0.5
1994,Tanzania,34.89,-6.37,1,0.5
1994,Thailand,100.99,15.87,17,4.587462841
1994,Togo,0.82,8.62,47,6.054588852
1994,Trinidad and Tobago,-61.22,10.69,2,1.5
1994,Tunisia,9.54,33.89,1,0.5
1994,Turkey,35.24,38.96,982,10.43957921
1994,Uganda,32.29,1.37,22,4.959431619
1994,Ukraine,31.17,48.38,4,2.5
1994,United Kingdom,-3.44,55.38,66,6.544394119
1994,United States,-95.71,37.09,10,3.821928095
1994,Venezuela,-66.59,6.42,4,2.5
1994,Yemen,44.13,15.21,14,4.307354922
1994,Zaire,21.76,-4.04,1,0.5
1995,Afghanistan,67.71,33.94,5,2.821928095
1995,Algeria,1.66,28.03,418,9.207359132
1995,Angola,17.87,-11.2,52,6.200439718
1995,Armenia,45.04,40.07,2,1.5
1995,Austria,14.55,47.52,6,3.084962501
1995,Bahrain,50.56,26.07,1,0.5
1995,Bangladesh,90.36,23.68,35,5.629283017
1995,Brazil,-51.93,-14.24,13,4.200439718
1995,Bulgaria,25.49,42.73,3,2.084962501
1995,Burundi,29.92,-3.37,583,9.687352073
1995,Cambodia,104.55,11.33,21,4.892317423
1995,Cameroon,12.35,7.37,5,2.821928095
1995,Canada,-106.35,56.13,1,0.5
1995,Chile,-71.54,-35.68,1,0.5
1995,China,104.2,35.86,6,3.084962501
1995,Colombia,-74.3,4.57,521,9.525139562
1995,Croatia,15.2,45.1,1,0.5
1995,Ecuador,-78.18,-1.83,4,2.5
1995,Egypt,30.8,26.82,134,7.56608919
1995,El Salvador,-88.9,13.79,3,2.084962501
1995,Ethiopia,40.49,9.15,5,2.821928095
1995,France,2.21,46.23,19,4.747927513
1995,Georgia,-82.9,32.17,14,4.307354922
1995,Germany,10.45,51.17,10,3.821928095
1995,Ghana,-1.02,7.95,2,1.5
1995,Guatemala,-90.23,15.78,40,5.821928095
1995,Haiti,-72.29,18.97,16,4.5
1995,Honduras,-86.24,15.2,8,3.5
1995,India,78.96,20.59,361,8.995855027
1995,Indonesia,113.92,-0.79,41,5.857552005
1995,Iraq,43.68,33.22,156,7.785402219
1995,Ireland,-8.24,53.41,1,0.5
1995,Israel,34.85,31.05,17,4.587462841
1995,Ivory Coast,-5.55,7.54,40,5.821928095
1995,Jamaica,-77.3,18.11,1,0.5
1995,Japan,138.25,36.2,15,4.406890596
1995,Jordan,36.24,30.59,1,0.5
1995,Kenya,37.91,-0.02,2,1.5
1995,Lebanon,35.86,33.85,35,5.629283017
1995,Madagascar,46.87,-18.77,4,2.5
1995,Mali,-4,17.57,2,1.5
1995,Malta,14.38,35.94,1,0.5
1995,Mexico,-102.55,23.63,61,6.430737338
1995,Mozambique,35.53,-18.67,15,4.406890596
1995,Netherlands,5.29,52.13,1,0.5
1995,Nicaragua,-85.21,12.87,6,3.084962501
1995,Niger,8.08,17.61,22,4.959431619
1995,Nigeria,8.68,9.08,1,0.5
1995,Pakistan,69.35,30.38,712,9.975733431
1995,Panama,-80.78,8.54,3,2.084962501
1995,Peru,-75.02,-9.19,103,7.186500527
1995,Philippines,121.77,12.88,201,8.151051691
1995,Russia,105.32,61.52,145,7.67990909
1995,Saudi Arabia,45.08,23.89,14,4.307354922
1995,Senegal,-14.45,14.5,18,4.669925001
1995,Sierra Leone,-11.78,8.46,40,5.821928095
1995,South Africa,22.94,-30.56,105,7.214245518
1995,Spain,-3.75,40.46,18,4.669925001
1995,Sri Lanka,80.77,7.87,1020,10.49435344
1995,Sudan,30.22,12.86,6,3.084962501
1995,Switzerland,8.23,46.82,1,0.5
1995,Thailand,100.99,15.87,19,4.747927513
1995,Trinidad and Tobago,-61.22,10.69,4,2.5
1995,Tunisia,9.54,33.89,7,3.307354922
1995,Turkey,35.24,38.96,189,8.062242424
1995,Uganda,32.29,1.37,145,7.67990909
1995,United Kingdom,-3.44,55.38,11,3.959431619
1995,United States,-95.71,37.09,178,7.975733431
1995,Venezuela,-66.59,6.42,8,3.5
1995,Yemen,44.13,15.21,4,2.5
1995,Yugoslavia,121.02,14.48,2,1.5
1995,Zaire,21.76,-4.04,43,5.926264755
1996,Afghanistan,67.71,33.94,31,5.45419631
1996,Albania,20.17,41.15,7,3.307354922
1996,Algeria,1.66,28.03,529,9.547123912
1996,Angola,17.87,-11.2,18,4.669925001
1996,Argentina,-63.62,-38.42,1,0.5
1996,Armenia,45.04,40.07,2,1.5
1996,Australia,133.78,-25.27,2,1.5
1996,Azerbaijan,47.58,40.14,2,1.5
1996,Bahrain,50.56,26.07,8,3.5
1996,Bangladesh,90.36,23.68,89,6.975733431
1996,Brazil,-51.93,-14.24,22,4.959431619
1996,Bulgaria,25.49,42.73,9,3.669925001
1996,Burundi,29.92,-3.37,1371,10.92101286
1996,Cambodia,104.55,11.33,44,5.959431619
1996,Central African Republic,20.94,6.61,2,1.5
1996,Chad,18.73,15.45,1,0.5
1996,Chile,-71.54,-35.68,2,1.5
1996,China,104.2,35.86,23,5.023561956
1996,Colombia,-74.3,4.57,611,9.75502857
1996,Costa Rica,-83.75,9.75,1,0.5
1996,Cyprus,33.43,35.13,3,2.084962501
1996,Dominican Republic,-0.19,51.52,3,2.084962501
1996,Ecuador,-78.18,-1.83,2,1.5
1996,Egypt,30.8,26.82,97,7.099912842
1996,El Salvador,-88.9,13.79,26,5.200439718
1996,Estonia,25.01,58.6,1,0.5
1996,Ethiopia,40.49,9.15,133,7.555282436
1996,France,2.21,46.23,18,4.669925001
1996,Georgia,-82.9,32.17,2,1.5
1996,Germany,10.45,51.17,1,0.5
1996,Ghana,-1.02,7.95,3,2.084962501
1996,Guatemala,-90.23,15.78,14,4.307354922
1996,Guinea,-9.7,9.95,2,1.5
1996,Haiti,-72.29,18.97,14,4.307354922
1996,Honduras,-86.24,15.2,11,3.959431619
1996,India,78.96,20.59,569,9.652284842
1996,Indonesia,113.92,-0.79,30,5.406890596
1996,Iran,53.69,32.43,3,2.084962501
1996,Iraq,43.68,33.22,11,3.959431619
1996,Ireland,-8.24,53.41,1,0.5
1996,Israel,34.85,31.05,70,6.629283017
1996,Ivory Coast,-5.55,7.54,5,2.821928095
1996,Jamaica,-77.3,18.11,1,0.5
1996,Kenya,37.91,-0.02,2,1.5
1996,Laos,102.5,19.86,5,2.821928095
1996,Lebanon,35.86,33.85,57,6.332890014
1996,Liberia,-9.43,6.43,10,3.821928095
1996,Libya,17.23,26.34,12,4.084962501
1996,Madagascar,46.87,-18.77,1,0.5
1996,Mexico,-102.55,23.63,96,7.084962501
1996,Nepal,84.12,28.39,6,3.084962501
1996,Nicaragua,-85.21,12.87,18,4.669925001
1996,Niger,8.08,17.61,2,1.5
1996,Nigeria,8.68,9.08,24,5.084962501
1996,Pakistan,69.35,30.38,423,9.224513853
1996,Peru,-75.02,-9.19,74,6.709453366
1996,Philippines,121.77,12.88,95,7.069855608
1996,Poland,19.15,51.92,1,0.5
1996,Russia,105.32,61.52,135,7.576815597
1996,Saudi Arabia,45.08,23.89,19,4.747927513
1996,Sierra Leone,-11.78,8.46,60,6.406890596
1996,South Africa,22.94,-30.56,82,6.857552005
1996,Spain,-3.75,40.46,5,2.821928095
1996,Sri Lanka,80.77,7.87,827,10.19174352
1996,Sudan,30.22,12.86,40,5.821928095
1996,Switzerland,8.23,46.82,1,0.5
1996,Syria,39,34.8,15,4.406890596
1996,Taiwan,120.96,23.7,9,3.669925001
1996,Thailand,100.99,15.87,10,3.821928095
1996,Togo,0.82,8.62,3,2.084962501
1996,Turkey,35.24,38.96,117,7.37036472
1996,Uganda,32.29,1.37,413,9.189997971
1996,United Kingdom,-3.44,55.38,14,4.307354922
1996,United States,-95.71,37.09,2,1.5
1996,Venezuela,-66.59,6.42,13,4.200439718
1996,Yemen,44.13,15.21,3,2.084962501
1996,Yugoslavia,121.02,14.48,9,3.669925001
1996,Zaire,21.76,-4.04,223,8.3008999
1997,Afghanistan,67.71,33.94,4,2.5
1997,Albania,20.17,41.15,26,5.200439718
1997,Algeria,1.66,28.03,4266,12.55866825
1997,Angola,17.87,-11.2,34,5.587462841
1997,Argentina,-63.62,-38.42,3,2.084962501
1997,Azerbaijan,47.58,40.14,1,0.5
1997,Bahamas,-77.4,25.03,1,0.5
1997,Bahrain,50.56,26.07,5,2.821928095
1997,Bangladesh,90.36,23.68,14,4.307354922
1997,Belarus,27.95,53.71,1,0.5
1997,Belgium,4.47,50.5,4,2.5
1997,Bolivia,-63.59,-16.29,4,2.5
1997,Brazil,-51.93,-14.24,28,5.307354922
1997,Burundi,29.92,-3.37,386,9.092457037
1997,Cambodia,104.55,11.33,100,7.14385619
1997,Chad,18.73,15.45,2,1.5
1997,China,104.2,35.86,37,5.709453366
1997,Colombia,-74.3,4.57,1230,10.7644426
1997,Costa Rica,-83.75,9.75,2,1.5
1997,Croatia,15.2,45.1,2,1.5
1997,Cuba,-77.78,21.52,1,0.5
1997,Djibouti,42.59,11.83,11,3.959431619
1997,Dominican Republic,-0.19,51.52,3,2.084962501
1997,Ecuador,-78.18,-1.83,1,0.5
1997,Egypt,30.8,26.82,165,7.866322214
1997,El Salvador,-88.9,13.79,1,0.5
1997,Ethiopia,40.49,9.15,8,3.5
1997,Gabon,11.61,-0.8,4,2.5
1997,Georgia,-82.9,32.17,35,5.629283017
1997,Ghana,-1.02,7.95,1,0.5
1997,Greece,21.82,39.07,1,0.5
1997,Guatemala,-90.23,15.78,22,4.959431619
1997,Haiti,-72.29,18.97,9,3.669925001
1997,Honduras,-86.24,15.2,14,4.307354922
1997,Hungary,19.5,47.16,3,2.084962501
1997,India,78.96,20.59,853,10.23640193
1997,Indonesia,113.92,-0.79,102,7.172425342
1997,Iraq,43.68,33.22,106,7.227920455
1997,Israel,34.85,31.05,31,5.45419631
1997,Jamaica,-77.3,18.11,10,3.821928095
1997,Kenya,37.91,-0.02,36,5.669925001
1997,Lebanon,35.86,33.85,36,5.669925001
1997,Lithuania,23.88,55.17,1,0.5
1997,Mexico,-102.55,23.63,229,8.339203788
1997,Nepal,84.12,28.39,15,4.406890596
1997,Nicaragua,-85.21,12.87,7,3.307354922
1997,Niger,8.08,17.61,32,5.5
1997,Nigeria,8.68,9.08,107,7.241466986
1997,Pakistan,69.35,30.38,443,9.291162889
1997,Panama,-80.78,8.54,3,2.084962501
1997,Paraguay,-58.44,-23.44,1,0.5
1997,Peru,-75.02,-9.19,47,6.054588852
1997,Philippines,121.77,12.88,98,7.114709844
1997,Poland,19.15,51.92,2,1.5
1997,Russia,105.32,61.52,61,6.430737338
1997,Senegal,-14.45,14.5,92,7.023561956
1997,Sierra Leone,-11.78,8.46,16,4.5
1997,South Africa,22.94,-30.56,23,5.023561956
1997,Spain,-3.75,40.46,11,3.959431619
1997,Sri Lanka,80.77,7.87,468,9.37036472
1997,Sudan,30.22,12.86,1,0.5
1997,Sweden,18.64,60.13,1,0.5
1997,Syria,39,34.8,2,1.5
1997,Tanzania,34.89,-6.37,1,0.5
1997,Thailand,100.99,15.87,18,4.669925001
1997,Turkey,35.24,38.96,60,6.406890596
1997,Uganda,32.29,1.37,239,8.400866808
1997,Ukraine,31.17,48.38,2,1.5
1997,United Kingdom,-3.44,55.38,23,5.023561956
1997,United States,-95.71,37.09,2,1.5
1997,Venezuela,-66.59,6.42,3,2.084962501
1997,Vietnam,108.28,14.06,1,0.5
1997,Yemen,44.13,15.21,11,3.959431619
1997,Yugoslavia,121.02,14.48,9,3.669925001
1997,Zaire,21.76,-4.04,13,4.200439718
1998,Afghanistan,67.71,33.94,8,3.5
1998,Algeria,1.66,28.03,952,10.39481776
1998,Angola,17.87,-11.2,275,8.603287808
1998,Burundi,29.92,-3.37,392,9.114709844
1998,Cambodia,104.55,11.33,35,5.629283017
1998,Canada,-106.35,56.13,1,0.5
1998,China,104.2,35.86,50,6.14385619
1998,Colombia,-74.3,4.57,592,9.709453366
1998,Egypt,30.8,26.82,9,3.669925001
1998,France,2.21,46.23,1,0.5
1998,Georgia,-82.9,32.17,32,5.5
1998,India,78.96,20.59,398,9.136624621
1998,Indonesia,113.92,-0.79,9,3.669925001
1998,Iran,53.69,32.43,6,3.084962501
1998,Iraq,43.68,33.22,19,4.747927513
1998,Ireland,-8.24,53.41,1,0.5
1998,Israel,34.85,31.05,17,4.587462841
1998,Kenya,37.91,-0.02,226,8.320178962
1998,Lebanon,35.86,33.85,17,4.587462841
1998,Mexico,-102.55,23.63,3,2.084962501
1998,Nigeria,8.68,9.08,9,3.669925001
1998,Pakistan,69.35,30.38,151,7.738404739
1998,Peru,-75.02,-9.19,7,3.307354922
1998,Philippines,121.77,12.88,6,3.084962501
1998,Russia,105.32,61.52,49,6.114709844
1998,Senegal,-14.45,14.5,4,2.5
1998,Sierra Leone,-11.78,8.46,258,8.511227255
1998,South Africa,22.94,-30.56,13,4.200439718
1998,Spain,-3.75,40.46,6,3.084962501
1998,Sri Lanka,80.77,7.87,680,9.909390936
1998,Swaziland,31.47,-26.52,1,0.5
1998,Tanzania,34.89,-6.37,11,3.959431619
1998,Thailand,100.99,15.87,4,2.5
1998,Turkey,35.24,38.96,37,5.709453366
1998,Uganda,32.29,1.37,81,6.839850003
1998,United Kingdom,-3.44,55.38,46,6.023561956
1998,United States,-95.71,37.09,4,2.5
1998,Yemen,44.13,15.21,8,3.5
1998,Yugoslavia,121.02,14.48,57,6.332890014
1999,Afghanistan,67.71,33.94,39,5.785402219
1999,Albania,20.17,41.15,6,3.084962501
1999,Algeria,1.66,28.03,467,9.36727874
1999,Angola,17.87,-11.2,299,8.724001674
1999,Armenia,45.04,40.07,8,3.5
1999,Bangladesh,90.36,23.68,30,5.406890596
1999,Brazil,-51.93,-14.24,1,0.5
1999,Burundi,29.92,-3.37,108,7.254887502
1999,Cambodia,104.55,11.33,1,0.5
1999,Chad,18.73,15.45,77,6.766786541
1999,China,104.2,35.86,5,2.821928095
1999,Colombia,-74.3,4.57,262,8.533423002
1999,Egypt,30.8,26.82,1,0.5
1999,Ethiopia,40.49,9.15,2,1.5
1999,Georgia,-82.9,32.17,5,2.821928095
1999,Germany,10.45,51.17,3,2.084962501
1999,Greece,21.82,39.07,1,0.5
1999,Guatemala,-90.23,15.78,3,2.084962501
1999,Haiti,-72.29,18.97,3,2.084962501
1999,India,78.96,20.59,469,9.373444113
1999,Indonesia,113.92,-0.79,67,6.56608919
1999,Iran,53.69,32.43,4,2.5
1999,Iraq,43.68,33.22,32,5.5
1999,Israel,34.85,31.05,6,3.084962501
1999,Italy,12.57,41.87,1,0.5
1999,Kyrgyzstan,74.77,41.2,1,0.5
1999,Lebanon,35.86,33.85,23,5.023561956
1999,Namibia,18.49,-22.96,13,4.200439718
1999,Nepal,84.12,28.39,23,5.023561956
1999,Niger,8.08,17.61,4,2.5
1999,Nigeria,8.68,9.08,134,7.56608919
1999,Pakistan,69.35,30.38,127,7.488684687
1999,Paraguay,-58.44,-23.44,2,1.5
1999,Peru,-75.02,-9.19,28,5.307354922
1999,Philippines,121.77,12.88,45,5.991853096
1999,Russia,105.32,61.52,395,9.125708843
1999,Senegal,-14.45,14.5,1,0.5
1999,Sierra Leone,-11.78,8.46,28,5.307354922
1999,South Africa,22.94,-30.56,4,2.5
1999,Sri Lanka,80.77,7.87,212,8.227920455
1999,Sudan,30.22,12.86,16,4.5
1999,Turkey,35.24,38.96,127,7.488684687
1999,Uganda,32.29,1.37,75,6.72881869
1999,Ukraine,31.17,48.38,1,0.5
1999,United Kingdom,-3.44,55.38,8,3.5
1999,United States,-95.71,37.09,20,4.821928095
1999,Uzbekistan,64.59,41.38,19,4.747927513
1999,Yemen,44.13,15.21,11,3.959431619
1999,Yugoslavia,121.02,14.48,14,4.307354922
1999,Zambia,27.85,-13.13,1,0.5
2000,Afghanistan,67.71,33.94,38,5.747927513
2000,Algeria,1.66,28.03,528,9.544394119
2000,Angola,17.87,-11.2,178,7.975733431
2000,Bangladesh,90.36,23.68,11,3.959431619
2000,Bulgaria,25.49,42.73,4,2.5
2000,Burundi,29.92,-3.37,97,7.099912842
2000,Cambodia,104.55,11.33,12,4.084962501
2000,Central African Republic,20.94,6.61,1,0.5
2000,China,104.2,35.86,1,0.5
2000,Colombia,-74.3,4.57,426,9.23470962
2000,Croatia,15.2,45.1,3,2.084962501
2000,Ethiopia,40.49,9.15,3,2.084962501
2000,Fiji,178.07,-17.71,7,3.307354922
2000,France,2.21,46.23,4,2.5
2000,Georgia,-82.9,32.17,3,2.084962501
2000,Germany,10.45,51.17,1,0.5
2000,Greece,21.82,39.07,1,0.5
2000,Guatemala,-90.23,15.78,2,1.5
2000,Guinea,-9.7,9.95,206,8.186500527
2000,Haiti,-72.29,18.97,5,2.821928095
2000,India,78.96,20.59,671,9.890168956
2000,Indonesia,113.92,-0.79,146,7.689824559
2000,Iran,53.69,32.43,5,2.821928095
2000,Iraq,43.68,33.22,10,3.821928095
2000,Israel,34.85,31.05,11,3.959431619
2000,Ivory Coast,-5.55,7.54,4,2.5
2000,Kenya,37.91,-0.02,26,5.200439718
2000,Kyrgyzstan,74.77,41.2,2,1.5
2000,Laos,102.5,19.86,1,0.5
2000,Latvia,24.6,56.88,1,0.5
2000,Lebanon,35.86,33.85,12,4.084962501
2000,Malaysia,101.98,4.21,2,1.5
2000,Mexico,-102.55,23.63,5,2.821928095
2000,Mozambique,35.53,-18.67,1,0.5
2000,Namibia,18.49,-22.96,24,5.084962501
2000,Nepal,84.12,28.39,91,7.00779464
2000,Nicaragua,-85.21,12.87,2,1.5
2000,Pakistan,69.35,30.38,118,7.382643049
2000,Peru,-75.02,-9.19,4,2.5
2000,Philippines,121.77,12.88,290,8.67990909
2000,Russia,105.32,61.52,362,8.999845887
2000,Saudi Arabia,45.08,23.89,1,0.5
2000,Senegal,-14.45,14.5,4,2.5
2000,Sierra Leone,-11.78,8.46,60,6.406890596
2000,South Africa,22.94,-30.56,18,4.669925001
2000,Spain,-3.75,40.46,29,5.357980995
2000,Sri Lanka,80.77,7.87,432,9.254887502
2000,Sudan,30.22,12.86,27,5.254887502
2000,Thailand,100.99,15.87,7,3.307354922
2000,Tunisia,9.54,33.89,5,2.821928095
2000,Turkey,35.24,38.96,12,4.084962501
2000,Uganda,32.29,1.37,297,8.714319121
2000,United Kingdom,-3.44,55.38,7,3.307354922
2000,United States,-95.71,37.09,8,3.5
2000,Yemen,44.13,15.21,19,4.747927513
2000,Yugoslavia,121.02,14.48,5,2.821928095
2001,Afghanistan,67.71,33.94,174,7.942943496
2001,Algeria,1.66,28.03,624,9.785402219
2001,Angola,17.87,-11.2,846,10.22451385
2001,Armenia,45.04,40.07,1,0.5
2001,Azerbaijan,47.58,40.14,1,0.5
2001,Bangladesh,90.36,23.68,59,6.382643049
2001,Brazil,-51.93,-14.24,1,0.5
2001,Burundi,29.92,-3.37,166,7.875039431
2001,Cambodia,104.55,11.33,4,2.5
2001,Central African Republic,20.94,6.61,7,3.307354922
2001,China,104.2,35.86,7,3.307354922
2001,Colombia,-74.3,4.57,576,9.669925001
2001,Costa Rica,-83.75,9.75,1,0.5
2001,Estonia,25.01,58.6,1,0.5
2001,Georgia,-82.9,32.17,6,3.084962501
2001,Germany,10.45,51.17,3,2.084962501
2001,Guatemala,-90.23,15.78,1,0.5
2001,Hungary,19.5,47.16,1,0.5
2001,India,78.96,20.59,660,9.866322214
2001,Indonesia,113.92,-0.79,134,7.56608919
2001,Iraq,43.68,33.22,9,3.669925001
2001,Israel,34.85,31.05,135,7.576815597
2001,Ivory Coast,-5.55,7.54,12,4.084962501
2001,Jordan,36.24,30.59,1,0.5
2001,Kenya,37.91,-0.02,13,4.200439718
2001,Kuwait,47.48,29.31,2,1.5
2001,Liberia,-9.43,6.43,1,0.5
2001,Mexico,-102.55,23.63,13,4.200439718
2001,Namibia,18.49,-22.96,1,0.5
2001,Nepal,84.12,28.39,172,7.926264755
2001,Nigeria,8.68,9.08,3,2.084962501
2001,Norway,8.47,60.47,1,0.5
2001,Pakistan,69.35,30.38,109,7.268184325
2001,Peru,-75.02,-9.19,16,4.5
2001,Philippines,121.77,12.88,154,7.766786541
2001,Qatar,51.18,25.35,1,0.5
2001,Russia,105.32,61.52,228,8.332890014
2001,Saudi Arabia,45.08,23.89,2,1.5
2001,Senegal,-14.45,14.5,28,5.307354922
2001,Spain,-3.75,40.46,14,4.307354922
2001,Sri Lanka,80.77,7.87,195,8.107330314
2001,Sudan,30.22,12.86,13,4.200439718
2001,Switzerland,8.23,46.82,14,4.307354922
2001,Taiwan,120.96,23.7,2,1.5
2001,Tanzania,34.89,-6.37,2,1.5
2001,Thailand,100.99,15.87,11,3.959431619
2001,Tunisia,9.54,33.89,3,2.084962501
2001,Turkey,35.24,38.96,17,4.587462841
2001,Uganda,32.29,1.37,56,6.307354922
2001,United Kingdom,-3.44,55.38,8,3.5
2001,United States,-95.71,37.09,3014,12.0574637
2001,Yemen,44.13,15.21,2,1.5
2001,Yugoslavia,121.02,14.48,8,3.5
2001,Zimbabwe,29.15,-19.02,1,0.5
2002,Afghanistan,67.71,33.94,74,6.709453366
2002,Algeria,1.66,28.03,615,9.7644426
2002,Angola,17.87,-11.2,59,6.382643049
2002,Bangladesh,90.36,23.68,21,4.892317423
2002,Bulgaria,25.49,42.73,1,0.5
2002,Burundi,29.92,-3.37,67,6.56608919
2002,Cambodia,104.55,11.33,4,2.5
2002,Chad,18.73,15.45,21,4.892317423
2002,China,104.2,35.86,1,0.5
2002,Colombia,-74.3,4.57,356,8.975733431
2002,Ethiopia,40.49,9.15,1,0.5
2002,Georgia,-82.9,32.17,1,0.5
2002,Guyana,-58.93,4.86,4,2.5
2002,India,78.96,20.59,599,9.726412193
2002,Indonesia,113.92,-0.79,246,8.442514505
2002,Iraq,43.68,33.22,10,3.821928095
2002,Israel,34.85,31.05,326,8.848728154
2002,Italy,12.57,41.87,1,0.5
2002,Ivory Coast,-5.55,7.54,3,2.084962501
2002,Jordan,36.24,30.59,3,2.084962501
2002,Kenya,37.91,-0.02,16,4.5
2002,Kuwait,47.48,29.31,4,2.5
2002,Kyrgyzstan,74.77,41.2,2,1.5
2002,Lebanon,35.86,33.85,2,1.5
2002,Liberia,-9.43,6.43,3,2.084962501
2002,Malawi,34.3,-13.25,1,0.5
2002,Nepal,84.12,28.39,486,9.424812504
2002,Netherlands,5.29,52.13,1,0.5
2002,Nigeria,8.68,9.08,28,5.307354922
2002,Pakistan,69.35,30.38,105,7.214245518
2002,Peru,-75.02,-9.19,9,3.669925001
2002,Philippines,121.77,12.88,125,7.465784285
2002,Russia,105.32,61.52,512,9.5
2002,Saudi Arabia,45.08,23.89,1,0.5
2002,Senegal,-14.45,14.5,8,3.5
2002,South Africa,22.94,-30.56,1,0.5
2002,Spain,-3.75,40.46,5,2.821928095
2002,Sri Lanka,80.77,7.87,3,2.084962501
2002,Sudan,30.22,12.86,589,9.702123824
2002,Tanzania,34.89,-6.37,24,5.084962501
2002,Thailand,100.99,15.87,16,4.5
2002,Tunisia,9.54,33.89,21,4.892317423
2002,Uganda,32.29,1.37,173,7.934628228
2002,Ukraine,31.17,48.38,1,0.5
2002,United Kingdom,-3.44,55.38,2,1.5
2002,United States,-95.71,37.09,4,2.5
2002,Yemen,44.13,15.21,4,2.5
2002,Zimbabwe,29.15,-19.02,8,3.5
2003,Afghanistan,67.71,33.94,163,7.848728154
2003,Algeria,1.66,28.03,269,8.571462363
2003,Bangladesh,90.36,23.68,3,2.084962501
2003,Burundi,29.92,-3.37,116,7.357980995
2003,Cambodia,104.55,11.33,1,0.5
2003,China,104.2,35.86,1,0.5
2003,Colombia,-74.3,4.57,184,8.023561956
2003,Ethiopia,40.49,9.15,2,1.5
2003,Guatemala,-90.23,15.78,1,0.5
2003,Haiti,-72.29,18.97,4,2.5
2003,India,78.96,20.59,472,9.382643049
2003,Indonesia,113.92,-0.79,26,5.200439718
2003,Iraq,43.68,33.22,391,9.111024797
2003,Israel,34.85,31.05,150,7.72881869
2003,Kenya,37.91,-0.02,3,2.084962501
2003,Kuwait,47.48,29.31,1,0.5
2003,Kyrgyzstan,74.77,41.2,1,0.5
2003,Laos,102.5,19.86,10,3.821928095
2003,Lebanon,35.86,33.85,3,2.084962501
2003,Liberia,-9.43,6.43,2,1.5
2003,Mexico,-102.55,23.63,2,1.5
2003,Morocco,-7.09,31.79,45,5.991853096
2003,Nepal,84.12,28.39,22,4.959431619
2003,Nigeria,8.68,9.08,28,5.307354922
2003,Pakistan,69.35,30.38,119,7.394817763
2003,Peru,-75.02,-9.19,7,3.307354922
2003,Philippines,121.77,12.88,288,8.669925001
2003,Russia,105.32,61.52,328,8.857552005
2003,Saudi Arabia,45.08,23.89,55,6.281359714
2003,Spain,-3.75,40.46,3,2.084962501
2003,Sri Lanka,80.77,7.87,23,5.023561956
2003,Thailand,100.99,15.87,6,3.084962501
2003,Turkey,35.24,38.96,67,6.56608919
2003,Uganda,32.29,1.37,231,8.351749041
2003,United Kingdom,-3.44,55.38,2,1.5
2003,Yemen,44.13,15.21,16,4.5
2004,Afghanistan,67.71,33.94,275,8.603287808
2004,Algeria,1.66,28.03,166,7.875039431
2004,Bangladesh,90.36,23.68,43,5.926264755
2004,Burundi,29.92,-3.37,18,4.669925001
2004,China,104.2,35.86,4,2.5
2004,Colombia,-74.3,4.57,83,6.875039431
2004,Egypt,30.8,26.82,37,5.709453366
2004,Ethiopia,40.49,9.15,1,0.5
2004,Germany,10.45,51.17,1,0.5
2004,Guatemala,-90.23,15.78,3,2.084962501
2004,Haiti,-72.29,18.97,7,3.307354922
2004,Honduras,-86.24,15.2,28,5.307354922
2004,India,78.96,20.59,334,8.883704292
2004,Indonesia,113.92,-0.79,42,5.892317423
2004,Iraq,43.68,33.22,2171,11.58414401
2004,Israel,34.85,31.05,57,6.332890014
2004,Italy,12.57,41.87,1,0.5
2004,Ivory Coast,-5.55,7.54,12,4.084962501
2004,Lebanon,35.86,33.85,1,0.5
2004,Nepal,84.12,28.39,630,9.799208018
2004,Netherlands,5.29,52.13,1,0.5
2004,Nigeria,8.68,9.08,41,5.857552005
2004,Pakistan,69.35,30.38,304,8.747927513
2004,Peru,-75.02,-9.19,6,3.084962501
2004,Philippines,121.77,12.88,203,8.165335917
2004,Russia,105.32,61.52,583,9.687352073
2004,Saudi Arabia,45.08,23.89,64,6.5
2004,Spain,-3.75,40.46,193,8.092457037
2004,Sri Lanka,80.77,7.87,30,5.406890596
2004,Sudan,30.22,12.86,28,5.307354922
2004,Syria,39,34.8,4,2.5
2004,Thailand,100.99,15.87,32,5.5
2004,Turkey,35.24,38.96,25,5.14385619
2004,Uganda,32.29,1.37,193,8.092457037
2004,Uzbekistan,64.59,41.38,36,5.669925001
2005,Afghanistan,67.71,33.94,367,9.019636253
2005,Algeria,1.66,28.03,228,8.332890014
2005,Bangladesh,90.36,23.68,44,5.959431619
2005,Burundi,29.92,-3.37,13,4.200439718
2005,China,104.2,35.86,12,4.084962501
2005,Colombia,-74.3,4.57,145,7.67990909
2005,Egypt,30.8,26.82,92,7.023561956
2005,Ethiopia,40.49,9.15,9,3.669925001
2005,Georgia,-82.9,32.17,8,3.5
2005,Germany,10.45,51.17,2,1.5
2005,Haiti,-72.29,18.97,1,0.5
2005,India,78.96,20.59,468,9.37036472
2005,Indonesia,113.92,-0.79,66,6.544394119
2005,Iran,53.69,32.43,13,4.200439718
2005,Iraq,43.68,33.22,3384,12.22451385
2005,Israel,34.85,31.05,41,5.857552005
2005,Italy,12.57,41.87,1,0.5
2005,Ivory Coast,-5.55,7.54,41,5.857552005
2005,Jordan,36.24,30.59,62,6.45419631
2005,Kenya,37.91,-0.02,56,6.307354922
2005,Kuwait,47.48,29.31,2,1.5
2005,Lebanon,35.86,33.85,32,5.5
2005,Mexico,-102.55,23.63,2,1.5
2005,Nepal,84.12,28.39,211,8.221099189
2005,Nigeria,8.68,9.08,19,4.747927513
2005,Pakistan,69.35,30.38,152,7.747927513
2005,Peru,-75.02,-9.19,7,3.307354922
2005,Philippines,121.77,12.88,49,6.114709844
2005,Qatar,51.18,25.35,2,1.5
2005,Russia,105.32,61.52,157,7.794620749
2005,Saudi Arabia,45.08,23.89,1,0.5
2005,Sri Lanka,80.77,7.87,125,7.465784285
2005,Sudan,30.22,12.86,54,6.254887502
2005,Thailand,100.99,15.87,130,7.522367813
2005,Turkey,35.24,38.96,35,5.629283017
2005,Uganda,32.29,1.37,80,6.821928095
2005,United Kingdom,-3.44,55.38,57,6.332890014
2005,Uzbekistan,64.59,41.38,10,3.821928095
2005,Yemen,44.13,15.21,12,4.084962501
2006,Afghanistan,67.71,33.94,736,10.02356196
2006,Algeria,1.66,28.03,185,8.031381461
2006,Bangladesh,90.36,23.68,19,4.747927513
2006,Brazil,-51.93,-14.24,1,0.5
2006,Burundi,29.92,-3.37,21,4.892317423
2006,Central African Republic,20.94,6.61,4,2.5
2006,Chad,18.73,15.45,103,7.186500527
2006,Colombia,-74.3,4.57,79,6.803780748
2006,Egypt,30.8,26.82,19,4.747927513
2006,Ethiopia,40.49,9.15,12,4.084962501
2006,France,2.21,46.23,1,0.5
2006,Georgia,-82.9,32.17,5,2.821928095
2006,Germany,10.45,51.17,2,1.5
2006,Guatemala,-90.23,15.78,5,2.821928095
2006,Guyana,-58.93,4.86,6,3.084962501
2006,Haiti,-72.29,18.97,2,1.5
2006,India,78.96,20.59,722,9.995855027
2006,Indonesia,113.92,-0.79,6,3.084962501
2006,Iran,53.69,32.43,48,6.084962501
2006,Iraq,43.68,33.22,4612,12.6711768
2006,Ireland,-8.24,53.41,1,0.5
2006,Israel,34.85,31.05,56,6.307354922
2006,Ivory Coast,-5.55,7.54,20,4.821928095
2006,Jordan,36.24,30.59,1,0.5
2006,Kenya,37.91,-0.02,18,4.669925001
2006,Kyrgyzstan,74.77,41.2,1,0.5
2006,Lebanon,35.86,33.85,17,4.587462841
2006,Mexico,-102.55,23.63,7,3.307354922
2006,Nepal,84.12,28.39,133,7.555282436
2006,Nigeria,8.68,9.08,254,8.488684687
2006,Pakistan,69.35,30.38,315,8.799208018
2006,Peru,-75.02,-9.19,7,3.307354922
2006,Philippines,121.77,12.88,60,6.406890596
2006,Russia,105.32,61.52,57,6.332890014
2006,Saudi Arabia,45.08,23.89,4,2.5
2006,Spain,-3.75,40.46,2,1.5
2006,Sri Lanka,80.77,7.87,948,10.38874325
2006,Sudan,30.22,12.86,484,9.418863237
2006,Syria,39,34.8,5,2.821928095
2006,Thailand,100.99,15.87,194,8.099912842
2006,Turkey,35.24,38.96,46,6.023561956
2006,United States,-95.71,37.09,1,0.5
2006,Yemen,44.13,15.21,14,4.307354922
2007,Afghanistan,67.71,33.94,1201,10.73002044
2007,Algeria,1.66,28.03,241,8.412889336
2007,Bangladesh,90.36,23.68,1,0.5
2007,Burundi,29.92,-3.37,3,2.084962501
2007,Cameroon,12.35,7.37,31,5.45419631
2007,Central African Republic,20.94,6.61,1,0.5
2007,Chad,18.73,15.45,136,7.587462841
2007,Colombia,-74.3,4.57,64,6.5
2007,Cuba,-77.78,21.52,1,0.5
2007,Ethiopia,40.49,9.15,204,8.172425342
2007,Finland,25.75,61.92,9,3.669925001
2007,France,2.21,46.23,3,2.084962501
2007,Germany,10.45,51.17,1,0.5
2007,Haiti,-72.29,18.97,1,0.5
2007,India,78.96,20.59,626,9.790018847
2007,Iran,53.69,32.43,24,5.084962501
2007,Iraq,43.68,33.22,6665,13.20238916
2007,Israel,34.85,31.05,10,3.821928095
2007,Kenya,37.91,-0.02,33,5.544394119
2007,Lebanon,35.86,33.85,40,5.821928095
2007,Mali,-4,17.57,20,4.821928095
2007,Mexico,-102.55,23.63,25,5.14385619
2007,Morocco,-7.09,31.79,13,4.200439718
2007,Mozambique,35.53,-18.67,6,3.084962501
2007,Nepal,84.12,28.39,44,5.959431619
2007,Niger,8.08,17.61,66,6.544394119
2007,Nigeria,8.68,9.08,82,6.857552005
2007,Pakistan,69.35,30.38,1406,10.95738088
2007,Peru,-75.02,-9.19,18,4.669925001
2007,Philippines,121.77,12.88,115,7.345490051
2007,Russia,105.32,61.52,55,6.281359714
2007,Saudi Arabia,45.08,23.89,3,2.084962501
2007,Senegal,-14.45,14.5,1,0.5
2007,South Africa,22.94,-30.56,1,0.5
2007,Sri Lanka,80.77,7.87,410,9.1794801
2007,Sudan,30.22,12.86,317,8.80833903
2007,Thailand,100.99,15.87,264,8.544394119
2007,Tunisia,9.54,33.89,14,4.307354922
2007,Turkey,35.24,38.96,26,5.200439718
2007,Uganda,32.29,1.37,2,1.5
2007,United Kingdom,-3.44,55.38,4,2.5
2007,Venezuela,-66.59,6.42,1,0.5
2007,Yemen,44.13,15.21,24,5.084962501
2008,Afghanistan,67.71,33.94,1099,10.60197567
2008,Algeria,1.66,28.03,249,8.460001932
2008,Azerbaijan,47.58,40.14,5,2.821928095
2008,Bahrain,50.56,26.07,1,0.5
2008,Bangladesh,90.36,23.68,9,3.669925001
2008,Burundi,29.92,-3.37,28,5.307354922
2008,Cambodia,104.55,11.33,1,0.5
2008,Cameroon,12.35,7.37,3,2.084962501
2008,Central African Republic,20.94,6.61,1,0.5
2008,Chad,18.73,15.45,172,7.926264755
2008,China,104.2,35.86,39,5.785402219
2008,Colombia,-74.3,4.57,85,6.909390936
2008,Ethiopia,40.49,9.15,27,5.254887502
2008,Georgia,-82.9,32.17,13,4.200439718
2008,Guyana,-58.93,4.86,23,5.023561956
2008,India,78.96,20.59,904,10.32017896
2008,Iran,53.69,32.43,26,5.200439718
2008,Iraq,43.68,33.22,2864,11.98381578
2008,Israel,34.85,31.05,31,5.45419631
2008,Kenya,37.91,-0.02,103,7.186500527
2008,Lebanon,35.86,33.85,142,7.64974712
2008,Liberia,-9.43,6.43,12,4.084962501
2008,Mali,-4,17.57,55,6.281359714
2008,Mexico,-102.55,23.63,21,4.892317423
2008,Nepal,84.12,28.39,50,6.14385619
2008,Niger,8.08,17.61,6,3.084962501
2008,Nigeria,8.68,9.08,72,6.669925001
2008,Pakistan,69.35,30.38,1184,10.70945337
2008,Philippines,121.77,12.88,220,8.281359714
2008,Russia,105.32,61.52,95,7.069855608
2008,Senegal,-14.45,14.5,10,3.821928095
2008,Spain,-3.75,40.46,3,2.084962501
2008,Sri Lanka,80.77,7.87,353,8.963524373
2008,Sudan,30.22,12.86,205,8.1794801
2008,Syria,39,34.8,18,4.669925001
2008,Thailand,100.99,15.87,166,7.875039431
2008,Turkey,35.24,38.96,42,5.892317423
2008,Uganda,32.29,1.37,3,2.084962501
2008,United States,-95.71,37.09,2,1.5
2008,Venezuela,-66.59,6.42,1,0.5
2008,Yemen,44.13,15.21,74,6.709453366
2008,Zimbabwe,29.15,-19.02,7,3.307354922
2009,Afghanistan,67.71,33.94,1065,10.55663772
2009,Algeria,1.66,28.03,204,8.172425342
2009,Angola,17.87,-11.2,2,1.5
2009,Armenia,45.04,40.07,1,0.5
2009,Austria,14.55,47.52,1,0.5
2009,Azerbaijan,47.58,40.14,1,0.5
2009,Bangladesh,90.36,23.68,18,4.669925001
2009,Central African Republic,20.94,6.61,38,5.747927513
2009,China,104.2,35.86,186,8.039158811
2009,Colombia,-74.3,4.57,107,7.241466986
2009,Egypt,30.8,26.82,1,0.5
2009,Ethiopia,40.49,9.15,13,4.200439718
2009,Georgia,-82.9,32.17,5,2.821928095
2009,Greece,21.82,39.07,1,0.5
2009,Honduras,-86.24,15.2,2,1.5
2009,Hungary,19.5,47.16,2,1.5
2009,India,78.96,20.59,774,10.09618976
2009,Indonesia,113.92,-0.79,15,4.406890596
2009,Iran,53.69,32.43,97,7.099912842
2009,Iraq,43.68,33.22,2585,11.83594857
2009,Israel,34.85,31.05,1,0.5
2009,Lebanon,35.86,33.85,17,4.587462841
2009,Madagascar,46.87,-18.77,2,1.5
2009,Mali,-4,17.57,30,5.406890596
2009,Mexico,-102.55,23.63,2,1.5
2009,Nepal,84.12,28.39,20,4.821928095
2009,Netherlands,5.29,52.13,7,3.307354922
2009,Niger,8.08,17.61,18,4.669925001
2009,Nigeria,8.68,9.08,316,8.803780748
2009,Pakistan,69.35,30.38,1487,11.03818893
2009,Panama,-80.78,8.54,1,0.5
2009,Peru,-75.02,-9.19,19,4.747927513
2009,Philippines,121.77,12.88,151,7.738404739
2009,Russia,105.32,61.52,141,7.639551352
2009,Saudi Arabia,45.08,23.89,5,2.821928095
2009,Senegal,-14.45,14.5,9,3.669925001
2009,Spain,-3.75,40.46,3,2.084962501
2009,Sri Lanka,80.77,7.87,201,8.151051691
2009,Sudan,30.22,12.86,77,6.766786541
2009,Thailand,100.99,15.87,270,8.576815597
2009,Turkey,35.24,38.96,18,4.669925001
2009,Uganda,32.29,1.37,11,3.959431619
2009,United Kingdom,-3.44,55.38,3,2.084962501
2009,United States,-95.71,37.09,22,4.959431619
2009,Uzbekistan,64.59,41.38,3,2.084962501
2009,Venezuela,-66.59,6.42,10,3.821928095
2009,Yemen,44.13,15.21,47,6.054588852
2010,Afghanistan,67.71,33.94,1157,10.67617315
2010,Algeria,1.66,28.03,109,7.268184325
2010,Angola,17.87,-11.2,4,2.5
2010,Bangladesh,90.36,23.68,15,4.406890596
2010,Burundi,29.92,-3.37,14,4.307354922
2010,Cameroon,12.35,7.37,5,2.821928095
2010,Central African Republic,20.94,6.61,46,6.023561956
2010,China,104.2,35.86,7,3.307354922
2010,Colombia,-74.3,4.57,56,6.307354922
2010,Ethiopia,40.49,9.15,8,3.5
2010,Georgia,-82.9,32.17,4,2.5
2010,Greece,21.82,39.07,4,2.5
2010,India,78.96,20.59,812,10.16533592
2010,Iran,53.69,32.43,115,7.345490051
2010,Iraq,43.68,33.22,2074,11.51820018
2010,Israel,34.85,31.05,4,2.5
2010,Ivory Coast,-5.55,7.54,10,3.821928095
2010,Jordan,36.24,30.59,1,0.5
2010,Kenya,37.91,-0.02,19,4.747927513
2010,Lebanon,35.86,33.85,2,1.5
2010,Mali,-4,17.57,1,0.5
2010,Nepal,84.12,28.39,10,3.821928095
2010,Niger,8.08,17.61,9,3.669925001
2010,Nigeria,8.68,9.08,117,7.37036472
2010,Pakistan,69.35,30.38,1701,11.23216743
2010,Paraguay,-58.44,-23.44,2,1.5
2010,Philippines,121.77,12.88,155,7.776124405
2010,Poland,19.15,51.92,1,0.5
2010,Russia,105.32,61.52,231,8.351749041
2010,Senegal,-14.45,14.5,3,2.084962501
2010,Sri Lanka,80.77,7.87,2,1.5
2010,Sudan,30.22,12.86,81,6.839850003
2010,Sweden,18.64,60.13,1,0.5
2010,Thailand,100.99,15.87,154,7.766786541
2010,Turkey,35.24,38.96,13,4.200439718
2010,Uganda,32.29,1.37,75,6.72881869
2010,Ukraine,31.17,48.38,1,0.5
2010,United States,-95.71,37.09,4,2.5
2010,Yemen,44.13,15.21,345,8.930452552
2010,Zimbabwe,29.15,-19.02,1,0.5
2011,Afghanistan,67.71,33.94,1525,11.07459353
2011,Algeria,1.66,28.03,25,5.14385619
2011,Bangladesh,90.36,23.68,9,3.669925001
2011,Belarus,27.95,53.71,13,4.200439718
2011,Burundi,29.92,-3.37,47,6.054588852
2011,Cameroon,12.35,7.37,4,2.5
2011,Central African Republic,20.94,6.61,35,5.629283017
2011,China,104.2,35.86,19,4.747927513
2011,Colombia,-74.3,4.57,43,5.926264755
2011,Egypt,30.8,26.82,28,5.307354922
2011,Estonia,25.01,58.6,1,0.5
2011,Ethiopia,40.49,9.15,2,1.5
2011,Georgia,-82.9,32.17,1,0.5
2011,Germany,10.45,51.17,2,1.5
2011,Honduras,-86.24,15.2,2,1.5
2011,India,78.96,20.59,499,9.462896005
2011,Indonesia,113.92,-0.79,20,4.821928095
2011,Iran,53.69,32.43,18,4.669925001
2011,Iraq,43.68,33.22,1870,11.36882255
2011,Ireland,-8.24,53.41,1,0.5
2011,Israel,34.85,31.05,21,4.892317423
2011,Italy,12.57,41.87,2,1.5
2011,Ivory Coast,-5.55,7.54,23,5.023561956
2011,Kenya,37.91,-0.02,42,5.892317423
2011,Lebanon,35.86,33.85,1,0.5
2011,Mali,-4,17.57,5,2.821928095
2011,Morocco,-7.09,31.79,17,4.587462841
2011,Nepal,84.12,28.39,16,4.5
2011,Niger,8.08,17.61,4,2.5
2011,Nigeria,8.68,9.08,447,9.304131021
2011,Norway,8.47,60.47,77,6.766786541
2011,Pakistan,69.35,30.38,1676,11.21080643
2011,Philippines,121.77,12.88,127,7.488684687
2011,Russia,105.32,61.52,160,7.821928095
2011,Saudi Arabia,45.08,23.89,3,2.084962501
2011,Senegal,-14.45,14.5,21,4.892317423
2011,Sudan,30.22,12.86,193,8.092457037
2011,Syria,39,34.8,163,7.848728154
2011,Thailand,100.99,15.87,152,7.747927513
2011,Tunisia,9.54,33.89,4,2.5
2011,Turkey,35.24,38.96,25,5.14385619
2011,United Kingdom,-3.44,55.38,1,0.5
2011,Yemen,44.13,15.21,461,9.34862294
2012,Afghanistan,67.71,33.94,3521,12.28176951
2012,Algeria,1.66,28.03,30,5.406890596
2012,Bahrain,50.56,26.07,4,2.5
2012,Bangladesh,90.36,23.68,8,3.5
2012,Belgium,4.47,50.5,1,0.5
2012,Brazil,-51.93,-14.24,1,0.5
2012,Bulgaria,25.49,42.73,8,3.5
2012,Burundi,29.92,-3.37,6,3.084962501
2012,Central African Republic,20.94,6.61,14,4.307354922
2012,China,104.2,35.86,27,5.254887502
2012,Colombia,-74.3,4.57,168,7.892317423
2012,Egypt,30.8,26.82,44,5.959431619
2012,Ethiopia,40.49,9.15,25,5.14385619
2012,France,2.21,46.23,8,3.5
2012,Georgia,-82.9,32.17,1,0.5
2012,Greece,21.82,39.07,1,0.5
2012,Guatemala,-90.23,15.78,2,1.5
2012,India,78.96,20.59,264,8.544394119
2012,Indonesia,113.92,-0.79,15,4.406890596
2012,Iran,53.69,32.43,12,4.084962501
2012,Iraq,43.68,33.22,2679,11.88747887
2012,Israel,34.85,31.05,14,4.307354922
2012,Ivory Coast,-5.55,7.54,45,5.991853096
2012,Jordan,36.24,30.59,1,0.5
2012,Kenya,37.91,-0.02,107,7.241466986
2012,Lebanon,35.86,33.85,9,3.669925001
2012,Libya,17.23,26.34,33,5.544394119
2012,Malaysia,101.98,4.21,2,1.5
2012,Maldives,73.54,1.98,1,0.5
2012,Mali,-4,17.57,53,6.227920455
2012,Mexico,-102.55,23.63,17,4.587462841
2012,Mozambique,35.53,-18.67,1,0.5
2012,Nepal,84.12,28.39,9,3.669925001
2012,Niger,8.08,17.61,1,0.5
2012,Nigeria,8.68,9.08,1506,11.05650605
2012,Pakistan,69.35,30.38,2784,11.9429435
2012,Paraguay,-58.44,-23.44,1,0.5
2012,Peru,-75.02,-9.19,12,4.084962501
2012,Philippines,121.77,12.88,212,8.227920455
2012,Russia,105.32,61.52,161,7.830916878
2012,Saudi Arabia,45.08,23.89,4,2.5
2012,Senegal,-14.45,14.5,16,4.5
2012,South Africa,22.94,-30.56,5,2.821928095
2012,Sudan,30.22,12.86,60,6.406890596
2012,Syria,39,34.8,877,10.27643303
2012,Thailand,100.99,15.87,209,8.207359132
2012,Tunisia,9.54,33.89,4,2.5
2012,Turkey,35.24,38.96,251,8.471543554
2012,Uganda,32.29,1.37,5,2.821928095
2012,Ukraine,31.17,48.38,1,0.5
2012,United Kingdom,-3.44,55.38,2,1.5
2012,United States,-95.71,37.09,7,3.307354922
2012,Yemen,44.13,15.21,1057,10.54575966
2013,Afghanistan,67.71,33.94,3709,12.35681455
2013,Algeria,1.66,28.03,101,7.158211483
2013,Bahrain,50.56,26.07,3,2.084962501
2013,Bangladesh,90.36,23.68,13,4.200439718
2013,Brazil,-51.93,-14.24,2,1.5
2013,Burundi,29.92,-3.37,5,2.821928095
2013,Cameroon,12.35,7.37,7,3.307354922
2013,Central African Republic,20.94,6.61,121,7.418863237
2013,Chile,-71.54,-35.68,2,1.5
2013,China,104.2,35.86,60,6.406890596
2013,Colombia,-74.3,4.57,136,7.587462841
2013,Ecuador,-78.18,-1.83,1,0.5
2013,Egypt,30.8,26.82,243,8.424812504
2013,Ethiopia,40.49,9.15,17,4.587462841
2013,Georgia,-82.9,32.17,2,1.5
2013,Greece,21.82,39.07,4,2.5
2013,Guatemala,-90.23,15.78,4,2.5
2013,Honduras,-86.24,15.2,5,2.821928095
2013,India,78.96,20.59,467,9.36727874
2013,Indonesia,113.92,-0.79,23,5.023561956
2013,Iran,53.69,32.43,39,5.785402219
2013,Iraq,43.68,33.22,7042,13.28176951
2013,Israel,34.85,31.05,2,1.5
2013,Ivory Coast,-5.55,7.54,4,2.5
2013,Kenya,37.91,-0.02,207,8.193486957
2013,Lebanon,35.86,33.85,190,8.069855608
2013,Libya,17.23,26.34,232,8.357980995
2013,Malaysia,101.98,4.21,2,1.5
2013,Mali,-4,17.57,137,7.598032083
2013,Mexico,-102.55,23.63,47,6.054588852
2013,Mozambique,35.53,-18.67,37,5.709453366
2013,Nepal,84.12,28.39,3,2.084962501
2013,Niger,8.08,17.61,26,5.200439718
2013,Nigeria,8.68,9.08,2015,11.47656412
2013,Pakistan,69.35,30.38,2876,11.98984796
2013,Paraguay,-58.44,-23.44,12,4.084962501
2013,Peru,-75.02,-9.19,6,3.084962501
2013,Philippines,121.77,12.88,432,9.254887502
2013,Russia,105.32,61.52,148,7.709453366
2013,Saudi Arabia,45.08,23.89,1,0.5
2013,Senegal,-14.45,14.5,7,3.307354922
2013,South Africa,22.94,-30.56,2,1.5
2013,Sudan,30.22,12.86,220,8.281359714
2013,Syria,39,34.8,1570,11.11654884
2013,Tanzania,34.89,-6.37,8,3.5
2013,Thailand,100.99,15.87,255,8.494353437
2013,Tunisia,9.54,33.89,25,5.14385619
2013,Turkey,35.24,38.96,83,6.875039431
2013,Ukraine,31.17,48.38,1,0.5
2013,United Kingdom,-3.44,55.38,4,2.5
2013,United States,-95.71,37.09,23,5.023561956
2013,Yemen,44.13,15.21,627,9.792321633
2013,Zimbabwe,29.15,-19.02,1,0.5
2014,Afghanistan,67.71,33.94,5414,12.90247917
2014,Albania,20.17,41.15,1,0.5
2014,Algeria,1.66,28.03,37,5.709453366
2014,Australia,133.78,-25.27,4,2.5
2014,Bahrain,50.56,26.07,9,3.669925001
2014,Bangladesh,90.36,23.68,38,5.747927513
2014,Belgium,4.47,50.5,4,2.5
2014,Brazil,-51.93,-14.24,2,1.5
2014,Burundi,29.92,-3.37,4,2.5
2014,Cameroon,12.35,7.37,789,10.12388149
2014,Canada,-106.35,56.13,7,3.307354922
2014,Central African Republic,20.94,6.61,751,10.0526691
2014,Chad,18.73,15.45,6,3.084962501
2014,Chile,-71.54,-35.68,1,0.5
2014,China,104.2,35.86,322,8.830916878
2014,Colombia,-74.3,4.57,143,7.659871337
2014,Djibouti,42.59,11.83,5,2.821928095
2014,Egypt,30.8,26.82,343,8.922064766
2014,Ethiopia,40.49,9.15,9,3.669925001
2014,France,2.21,46.23,1,0.5
2014,India,78.96,20.59,490,9.436637939
2014,Indonesia,113.92,-0.79,20,4.821928095
2014,Iran,53.69,32.43,13,4.200439718
2014,Iraq,43.68,33.22,14095,14.28289586
2014,Israel,34.85,31.05,49,6.114709844
2014,Ivory Coast,-5.55,7.54,4,2.5
2014,Jordan,36.24,30.59,1,0.5
2014,Kenya,37.91,-0.02,315,8.799208018
2014,Kyrgyzstan,74.77,41.2,1,0.5
2014,Lebanon,35.86,33.85,135,7.576815597
2014,Libya,17.23,26.34,694,9.938791853
2014,Madagascar,46.87,-18.77,1,0.5
2014,Malaysia,101.98,4.21,1,0.5
2014,Maldives,73.54,1.98,1,0.5
2014,Mali,-4,17.57,125,7.465784285
2014,Mexico,-102.55,23.63,1,0.5
2014,Mozambique,35.53,-18.67,22,4.959431619
2014,Nicaragua,-85.21,12.87,5,2.821928095
2014,Niger,8.08,17.61,11,3.959431619
2014,Nigeria,8.68,9.08,7775,13.42462696
2014,Pakistan,69.35,30.38,2411,11.73541594
2014,Paraguay,-58.44,-23.44,6,3.084962501
2014,Peru,-75.02,-9.19,4,2.5
2014,Philippines,121.77,12.88,472,9.382643049
2014,Russia,105.32,61.52,67,6.56608919
2014,Saudi Arabia,45.08,23.89,20,4.821928095
2014,Senegal,-14.45,14.5,7,3.307354922
2014,South Africa,22.94,-30.56,9,3.669925001
2014,Sri Lanka,80.77,7.87,3,2.084962501
2014,Sudan,30.22,12.86,546,9.592757141
2014,Syria,39,34.8,3312,12.19348696
2014,Tanzania,34.89,-6.37,4,2.5
2014,Thailand,100.99,15.87,192,8.084962501
2014,Tunisia,9.54,33.89,43,5.926264755
2014,Turkey,35.24,38.96,40,5.821928095
2014,Turkmenistan,59.56,38.97,3,2.084962501
2014,Uganda,32.29,1.37,98,7.114709844
2014,Ukraine,31.17,48.38,1397,10.94811631
2014,United Arab Emirates,53.85,23.42,1,0.5
2014,United Kingdom,-3.44,55.38,1,0.5
2014,United States,-95.71,37.09,26,5.200439718
2014,Venezuela,-66.59,6.42,1,0.5
2014,Yemen,44.13,15.21,1384,10.93462823
2015,Afghanistan,67.71,33.94,6216,13.10177079
2015,Algeria,1.66,28.03,20,4.821928095
2015,Australia,133.78,-25.27,2,1.5
2015,Bahrain,50.56,26.07,5,2.821928095
2015,Bangladesh,90.36,23.68,86,6.926264755
2015,Brazil,-51.93,-14.24,3,2.084962501
2015,Burundi,29.92,-3.37,223,8.3008999
2015,Cameroon,12.35,7.37,931,10.36263736
2015,Central African Republic,20.94,6.61,171,7.917852515
2015,Chad,18.73,15.45,306,8.757387843
2015,China,104.2,35.86,123,7.442514505
2015,Colombia,-74.3,4.57,104,7.200439718
2015,Denmark,9.5,56.26,2,1.5
2015,Egypt,30.8,26.82,829,10.19522829
2015,Ethiopia,40.49,9.15,48,6.084962501
2015,France,2.21,46.23,162,7.839850003
2015,Germany,10.45,51.17,1,0.5
2015,Greece,21.82,39.07,1,0.5
2015,Guinea,-9.7,9.95,1,0.5
2015,India,78.96,20.59,387,9.096189756
2015,Indonesia,113.92,-0.79,22,4.959431619
2015,Iran,53.69,32.43,38,5.747927513
2015,Iraq,43.68,33.22,8885,13.61715606
2015,Israel,34.85,31.05,20,4.821928095
2015,Ivory Coast,-5.55,7.54,14,4.307354922
2015,Jordan,36.24,30.59,7,3.307354922
2015,Kenya,37.91,-0.02,268,8.56608919
2015,Kuwait,47.48,29.31,28,5.307354922
2015,Kyrgyzstan,74.77,41.2,1,0.5
2015,Lebanon,35.86,33.85,111,7.294415866
2015,Lesotho,28.23,-29.61,1,0.5
2015,Libya,17.23,26.34,689,9.928360173
2015,Malaysia,101.98,4.21,1,0.5
2015,Mali,-4,17.57,269,8.571462363
2015,Mexico,-102.55,23.63,9,3.669925001
2015,Mozambique,35.53,-18.67,12,4.084962501
2015,Niger,8.08,17.61,666,9.879378367
2015,Nigeria,8.68,9.08,5567,12.94268437
2015,Pakistan,69.35,30.38,1608,11.15105169
2015,Paraguay,-58.44,-23.44,14,4.307354922
2015,Peru,-75.02,-9.19,6,3.084962501
2015,Philippines,121.77,12.88,447,9.304131021
2015,Russia,105.32,61.52,21,4.892317423
2015,Saudi Arabia,45.08,23.89,214,8.241466986
2015,South Africa,22.94,-30.56,5,2.821928095
2015,Sri Lanka,80.77,7.87,3,2.084962501
2015,Sudan,30.22,12.86,210,8.214245518
2015,Sweden,18.64,60.13,4,2.5
2015,Syria,39,34.8,3924,12.43810933
2015,Tanzania,34.89,-6.37,10,3.821928095
2015,Thailand,100.99,15.87,116,7.357980995
2015,Tunisia,9.54,33.89,107,7.241466986
2015,Turkey,35.24,38.96,490,9.436637939
2015,Uganda,32.29,1.37,4,2.5
2015,Ukraine,31.17,48.38,766,10.08120058
2015,United Kingdom,-3.44,55.38,1,0.5
2015,United States,-95.71,37.09,54,6.254887502
2015,Venezuela,-66.59,6.42,1,0.5
2015,Yemen,44.13,15.21,2506,11.7911707
2016,Afghanistan,67.71,33.94,6141,13.08425789
2016,Algeria,1.66,28.03,9,3.669925001
2016,Armenia,45.04,40.07,6,3.084962501
2016,Azerbaijan,47.58,40.14,1,0.5
2016,Bahrain,50.56,26.07,1,0.5
2016,Bangladesh,90.36,23.68,76,6.747927513
2016,Belgium,4.47,50.5,36,5.669925001
2016,Brazil,-51.93,-14.24,1,0.5
2016,Burundi,29.92,-3.37,74,6.709453366
2016,Cameroon,12.35,7.37,269,8.571462363
2016,Canada,-106.35,56.13,1,0.5
2016,Central African Republic,20.94,6.61,189,8.062242424
2016,Chad,18.73,15.45,22,4.959431619
2016,Chile,-71.54,-35.68,2,1.5
2016,China,104.2,35.86,13,4.200439718
2016,Colombia,-74.3,4.57,52,6.200439718
2016,Denmark,9.5,56.26,1,0.5
2016,Ecuador,-78.18,-1.83,1,0.5
2016,Egypt,30.8,26.82,609,9.750298418
2016,Ethiopia,40.49,9.15,279,8.624121312
2016,France,2.21,46.23,94,7.054588852
2016,Georgia,-82.9,32.17,1,0.5
2016,Germany,10.45,51.17,27,5.254887502
2016,Guinea,-9.7,9.95,1,0.5
2016,Haiti,-72.29,18.97,7,3.307354922
2016,Honduras,-86.24,15.2,2,1.5
2016,India,78.96,20.59,467,9.36727874
2016,Indonesia,113.92,-0.79,22,4.959431619
2016,Iran,53.69,32.43,12,4.084962501
2016,Iraq,43.68,33.22,12276,14.08355293
2016,Ireland,-8.24,53.41,2,1.5
2016,Israel,34.85,31.05,16,4.5
2016,Italy,12.57,41.87,1,0.5
2016,Ivory Coast,-5.55,7.54,22,4.959431619
2016,Japan,138.25,36.2,19,4.747927513
2016,Jordan,36.24,30.59,35,5.629283017
2016,Kenya,37.91,-0.02,72,6.669925001
2016,Kuwait,47.48,29.31,1,0.5
2016,Kyrgyzstan,74.77,41.2,1,0.5
2016,Laos,102.5,19.86,3,2.084962501
2016,Lebanon,35.86,33.85,25,5.14385619
2016,Libya,17.23,26.34,634,9.80833903
2016,Madagascar,46.87,-18.77,3,2.084962501
2016,Malaysia,101.98,4.21,6,3.084962501
2016,Mali,-4,17.57,182,8.00779464
2016,Mexico,-102.55,23.63,6,3.084962501
2016,Mozambique,35.53,-18.67,62,6.45419631
2016,Nepal,84.12,28.39,5,2.821928095
2016,Niger,8.08,17.61,190,8.069855608
2016,Nigeria,8.68,9.08,2174,11.58613623
2016,Pakistan,69.35,30.38,1113,10.62023788
2016,Paraguay,-58.44,-23.44,10,3.821928095
2016,Peru,-75.02,-9.19,11,3.959431619
2016,Philippines,121.77,12.88,415,9.196967526
2016,Russia,105.32,61.52,64,6.5
2016,Saudi Arabia,45.08,23.89,165,7.866322214
2016,Sierra Leone,-11.78,8.46,1,0.5
2016,South Africa,22.94,-30.56,21,4.892317423
2016,Sudan,30.22,12.86,182,8.00779464
2016,Syria,39,34.8,2811,11.95686774
2016,Tanzania,34.89,-6.37,3,2.084962501
2016,Thailand,100.99,15.87,120,7.406890596
2016,Tunisia,9.54,33.89,71,6.64974712
2016,Turkey,35.24,38.96,1008,10.47727992
2016,Uganda,32.29,1.37,75,6.72881869
2016,Ukraine,31.17,48.38,48,6.084962501
2016,United Kingdom,-3.44,55.38,9,3.669925001
2016,United States,-95.71,37.09,68,6.587462841
2016,Uruguay,-55.77,-32.52,1,0.5
2016,Venezuela,-66.59,6.42,9,3.669925001
2016,Yemen,44.13,15.21,1867,11.36650621
2017,Afghanistan,67.71,33.94,6095,13.07341051
2017,Algeria,1.66,28.03,12,4.084962501
2017,Angola,17.87,-11.2,7,3.307354922
2017,Australia,133.78,-25.27,4,2.5
2017,Austria,14.55,47.52,2,1.5
2017,Azerbaijan,47.58,40.14,5,2.821928095
2017,Bahrain,50.56,26.07,6,3.084962501
2017,Bangladesh,90.36,23.68,25,5.14385619
2017,Belgium,4.47,50.5,2,1.5
2017,Burundi,29.92,-3.37,20,4.821928095
2017,Cameroon,12.35,7.37,244,8.430737338
2017,Canada,-106.35,56.13,6,3.084962501
2017,Central African Republic,20.94,6.61,604,9.738404739
2017,Chad,18.73,15.45,62,6.45419631
2017,China,104.2,35.86,16,4.5
2017,Colombia,-74.3,4.57,84,6.892317423
2017,Dominican Republic,-0.19,51.52,2,1.5
2017,Egypt,30.8,26.82,878,10.27807713
2017,Ethiopia,40.49,9.15,69,6.608524457
2017,Finland,25.75,61.92,2,1.5
2017,France,2.21,46.23,7,3.307354922
2017,Germany,10.45,51.17,1,0.5
2017,Honduras,-86.24,15.2,2,1.5
2017,India,78.96,20.59,465,9.361086906
2017,Indonesia,113.92,-0.79,20,4.821928095
2017,Iran,53.69,32.43,39,5.785402219
2017,Iraq,43.68,33.22,6619,13.19239756
2017,Israel,34.85,31.05,4,2.5
2017,Ivory Coast,-5.55,7.54,3,2.084962501
2017,Jordan,36.24,30.59,4,2.5
2017,Kenya,37.91,-0.02,126,7.477279923
2017,Kyrgyzstan,74.77,41.2,1,0.5
2017,Laos,102.5,19.86,1,0.5
2017,Lebanon,35.86,33.85,17,4.587462841
2017,Libya,17.23,26.34,290,8.67990909
2017,Malaysia,101.98,4.21,4,2.5
2017,Maldives,73.54,1.98,1,0.5
2017,Mali,-4,17.57,363,9.003825738
2017,Malta,14.38,35.94,1,0.5
2017,Mexico,-102.55,23.63,27,5.254887502
2017,Mozambique,35.53,-18.67,24,5.084962501
2017,Nepal,84.12,28.39,4,2.5
2017,Niger,8.08,17.61,148,7.709453366
2017,Nigeria,8.68,9.08,1809,11.32097669
2017,Pakistan,69.35,30.38,1076,10.57146236
2017,Paraguay,-58.44,-23.44,4,2.5
2017,Peru,-75.02,-9.19,8,3.5
2017,Philippines,121.77,12.88,500,9.465784285
2017,Russia,105.32,61.52,61,6.430737338
2017,Saudi Arabia,45.08,23.89,31,5.45419631
2017,South Africa,22.94,-30.56,21,4.892317423
2017,Spain,-3.75,40.46,21,4.892317423
2017,Sri Lanka,80.77,7.87,1,0.5
2017,Sudan,30.22,12.86,82,6.857552005
2017,Sweden,18.64,60.13,5,2.821928095
2017,Syria,39,34.8,2031,11.48797452
2017,Tanzania,34.89,-6.37,8,3.5
2017,Thailand,100.99,15.87,72,6.669925001
2017,Tunisia,9.54,33.89,5,2.821928095
2017,Turkey,35.24,38.96,222,8.294415866
2017,Uganda,32.29,1.37,7,3.307354922
2017,Ukraine,31.17,48.38,40,5.821928095
2017,United Kingdom,-3.44,55.38,42,5.892317423
2017,United States,-95.71,37.09,98,7.114709844
2017,Venezuela,-66.59,6.42,5,2.821928095
2017,Yemen,44.13,15.21,1014,10.48584194
2018,Afghanistan,67.71,33.94,9812,13.76033152
2018,Algeria,1.66,28.03,19,4.747927513
2018,Australia,133.78,-25.27,2,1.5
2018,Austria,14.55,47.52,1,0.5
2018,Bangladesh,90.36,23.68,13,4.200439718
2018,Belgium,4.47,50.5,4,2.5
2018,Bolivia,-63.59,-16.29,12,4.084962501
2018,Brazil,-51.93,-14.24,10,3.821928095
2018,Burundi,29.92,-3.37,36,5.669925001
2018,Cameroon,12.35,7.37,296,8.709453366
2018,Canada,-106.35,56.13,13,4.200439718
2018,Central African Republic,20.94,6.61,227,8.326548487
2018,Chad,18.73,15.45,112,7.307354922
2018,China,104.2,35.86,2,1.5
2018,Colombia,-74.3,4.57,132,7.544394119
2018,Ecuador,-78.18,-1.83,10,3.821928095
2018,Egypt,30.8,26.82,98,7.114709844
2018,Ethiopia,40.49,9.15,25,5.14385619
2018,France,2.21,46.23,13,4.200439718
2018,Georgia,-82.9,32.17,1,0.5
2018,Ghana,-1.02,7.95,2,1.5
2018,Greece,21.82,39.07,3,2.084962501
2018,Guinea,-9.7,9.95,1,0.5
2018,India,78.96,20.59,413,9.189997971
2018,Indonesia,113.92,-0.79,71,6.64974712
2018,Iran,53.69,32.43,66,6.544394119
2018,Iraq,43.68,33.22,1432,10.98381578
2018,Israel,34.85,31.05,9,3.669925001
2018,Ivory Coast,-5.55,7.54,2,1.5
2018,Jordan,36.24,30.59,3,2.084962501
2018,Kenya,37.91,-0.02,74,6.709453366
2018,Lebanon,35.86,33.85,2,1.5
2018,Libya,17.23,26.34,244,8.430737338
2018,Malaysia,101.98,4.21,3,2.084962501
2018,Mali,-4,17.57,584,9.689824559
2018,Mexico,-102.55,23.63,23,5.023561956
2018,Morocco,-7.09,31.79,2,1.5
2018,Mozambique,35.53,-18.67,138,7.608524457
2018,Netherlands,5.29,52.13,1,0.5
2018,Nicaragua,-85.21,12.87,9,3.669925001
2018,Niger,8.08,17.61,75,6.72881869
2018,Nigeria,8.68,9.08,2577,11.83147682
2018,Pakistan,69.35,30.38,697,9.945014846
2018,Paraguay,-58.44,-23.44,2,1.5
2018,Peru,-75.02,-9.19,4,2.5
2018,Philippines,121.77,12.88,440,9.281359714
2018,Russia,105.32,61.52,23,5.023561956
2018,Saudi Arabia,45.08,23.89,17,4.587462841
2018,Senegal,-14.45,14.5,15,4.406890596
2018,South Africa,22.94,-30.56,24,5.084962501
2018,Spain,-3.75,40.46,1,0.5
2018,Sri Lanka,80.77,7.87,3,2.084962501
2018,Sudan,30.22,12.86,42,5.892317423
2018,Syria,39,34.8,1547,11.09525748
2018,Tanzania,34.89,-6.37,9,3.669925001
2018,Thailand,100.99,15.87,69,6.608524457
2018,Tunisia,9.54,33.89,16,4.5
2018,Turkey,35.24,38.96,94,7.054588852
2018,Uganda,32.29,1.37,17,4.587462841
2018,Ukraine,31.17,48.38,14,4.307354922
2018,United Kingdom,-3.44,55.38,2,1.5
2018,United States,-95.71,37.09,45,5.991853096
2018,Venezuela,-66.59,6.42,32,5.5
2018,Yemen,44.13,15.21,1124,10.63442632
2018,Zimbabwe,29.15,-19.02,2,1.5
2019,Afghanistan,67.71,33.94,8257,13.51140199
2019,Angola,17.87,-11.2,5,2.821928095
2019,Argentina,-63.62,-38.42,2,1.5
2019,Bangladesh,90.36,23.68,16,4.5
2019,Benin,2.32,9.31,1,0.5
2019,Brazil,-51.93,-14.24,2,1.5
2019,Burundi,29.92,-3.37,25,5.14385619
2019,Cameroon,12.35,7.37,318,8.812882955
2019,Central African Republic,20.94,6.61,116,7.357980995
2019,Chad,18.73,15.45,189,8.062242424
2019,Colombia,-74.3,4.57,135,7.576815597
2019,Ecuador,-78.18,-1.83,2,1.5
2019,Egypt,30.8,26.82,152,7.747927513
2019,Ethiopia,40.49,9.15,83,6.875039431
2019,Finland,25.75,61.92,1,0.5
2019,France,2.21,46.23,8,3.5
2019,Gabon,11.61,-0.8,2,1.5
2019,Germany,10.45,51.17,4,2.5
2019,Ghana,-1.02,7.95,2,1.5
2019,Haiti,-72.29,18.97,2,1.5
2019,Honduras,-86.24,15.2,4,2.5
2019,India,78.96,20.59,310,8.776124405
2019,Indonesia,113.92,-0.79,21,4.892317423
2019,Iran,53.69,32.43,37,5.709453366
2019,Iraq,43.68,33.22,799,10.14205169
2019,Israel,34.85,31.05,9,3.669925001
2019,Jordan,36.24,30.59,4,2.5
2019,Kenya,37.91,-0.02,105,7.214245518
2019,Lebanon,35.86,33.85,8,3.5
2019,Libya,17.23,26.34,90,6.991853096
2019,Mali,-4,17.57,826,10.18999797
2019,Mexico,-102.55,23.63,24,5.084962501
2019,Mozambique,35.53,-18.67,333,8.879378367
2019,Nepal,84.12,28.39,7,3.307354922
2019,Netherlands,5.29,52.13,4,2.5
2019,New Zealand,174.89,-40.9,51,6.172425342
2019,Niger,8.08,17.61,364,9.00779464
2019,Nigeria,8.68,9.08,1718,11.24651432
2019,Norway,8.47,60.47,1,0.5
2019,Pakistan,69.35,30.38,417,9.203903573
2019,Peru,-75.02,-9.19,1,0.5
2019,Philippines,121.77,12.88,399,9.140244936
2019,Russia,105.32,61.52,16,4.5
2019,Saudi Arabia,45.08,23.89,10,3.821928095
2019,Senegal,-14.45,14.5,3,2.084962501
2019,South Africa,22.94,-30.56,10,3.821928095
2019,Sri Lanka,80.77,7.87,266,8.555282436
2019,Sudan,30.22,12.86,59,6.382643049
2019,Syria,39,34.8,1103,10.60721708
2019,Tanzania,34.89,-6.37,6,3.084962501
2019,Thailand,100.99,15.87,72,6.669925001
2019,Tunisia,9.54,33.89,9,3.669925001
2019,Turkey,35.24,38.96,99,7.12935662
2019,Uganda,32.29,1.37,2,1.5
2019,Ukraine,31.17,48.38,18,4.669925001
2019,United Kingdom,-3.44,55.38,5,2.821928095
2019,United States,-95.71,37.09,53,6.227920455
2019,Venezuela,-66.59,6.42,2,1.5
2019,Yemen,44.13,15.21,1270,10.81061278
2020,Afghanistan,67.71,33.94,10081,13.79935114
2020,Algeria,1.66,28.03,7,3.307354922
2020,Angola,17.87,-11.2,12,4.084962501
2020,Australia,133.78,-25.27,2,1.5
2020,Austria,14.55,47.52,6,3.084962501
2020,Bangladesh,90.36,23.68,3,2.084962501
2020,Benin,2.32,9.31,1,0.5
2020,Brazil,-51.93,-14.24,3,2.084962501
2020,Burundi,29.92,-3.37,28,5.307354922
2020,Cameroon,12.35,7.37,209,8.207359132
2020,Canada,-106.35,56.13,3,2.084962501
2020,Central African Republic,20.94,6.61,103,7.186500527
2020,Chad,18.73,15.45,244,8.430737338
2020,Chile,-71.54,-35.68,3,2.084962501
2020,Colombia,-74.3,4.57,171,7.917852515
2020,Croatia,15.2,45.1,1,0.5
2020,Egypt,30.8,26.82,143,7.659871337
2020,Ethiopia,40.49,9.15,1330,10.87721053
2020,France,2.21,46.23,11,3.959431619
2020,Germany,10.45,51.17,14,4.307354922
2020,Ghana,-1.02,7.95,4,2.5
2020,Guatemala,-90.23,15.78,2,1.5
2020,Haiti,-72.29,18.97,2,1.5
2020,Honduras,-86.24,15.2,2,1.5
2020,India,78.96,20.59,212,8.227920455
2020,Indonesia,113.92,-0.79,15,4.406890596
2020,Iran,53.69,32.43,6,3.084962501
2020,Iraq,43.68,33.22,525,9.536173613
2020,Israel,34.85,31.05,9,3.669925001
2020,Ivory Coast,-5.55,7.54,16,4.5
2020,Kenya,37.91,-0.02,59,6.382643049
2020,Lebanon,35.86,33.85,10,3.821928095
2020,Libya,17.23,26.34,11,3.959431619
2020,Malaysia,101.98,4.21,1,0.5
2020,Mali,-4,17.57,566,9.644658243
2020,Mexico,-102.55,23.63,13,4.200439718
2020,Mozambique,35.53,-18.67,709,9.969641817
2020,Nepal,84.12,28.39,1,0.5
2020,Nicaragua,-85.21,12.87,1,0.5
2020,Niger,8.08,17.61,371,9.035275377
2020,Nigeria,8.68,9.08,2102,11.53754695
2020,Pakistan,69.35,30.38,322,8.830916878
2020,Paraguay,-58.44,-23.44,1,0.5
2020,Philippines,121.77,12.88,280,8.629283017
2020,Russia,105.32,61.52,6,3.084962501
2020,Saudi Arabia,45.08,23.89,2,1.5
2020,South Africa,22.94,-30.56,7,3.307354922
2020,Sudan,30.22,12.86,160,7.821928095
2020,Switzerland,8.23,46.82,1,0.5
2020,Syria,39,34.8,973,10.42629599
2020,Tanzania,34.89,-6.37,24,5.084962501
2020,Thailand,100.99,15.87,18,4.669925001
2020,Tunisia,9.54,33.89,5,2.821928095
2020,Turkey,35.24,38.96,34,5.587462841
2020,Uganda,32.29,1.37,20,4.821928095
2020,Ukraine,31.17,48.38,8,3.5
2020,United Kingdom,-3.44,55.38,6,3.084962501
2020,United States,-95.71,37.09,12,4.084962501
2020,Venezuela,-66.59,6.42,14,4.307354922
2020,Yemen,44.13,15.21,903,10.31858218
2020,Zimbabwe,29.15,-19.02,1,0.5
2021,Afghanistan,67.71,33.94,4337,12.58248173
2021,Algeria,1.66,28.03,5,2.821928095
2021,Bangladesh,90.36,23.68,2,1.5
2021,Brazil,-51.93,-14.24,1,0.5
2021,Burundi,29.92,-3.37,28,5.307354922
2021,Cameroon,12.35,7.37,83,6.875039431
2021,Canada,-106.35,56.13,4,2.5
2021,Central African Republic,20.94,6.61,62,6.45419631
2021,Chad,18.73,15.45,42,5.892317423
2021,Chile,-71.54,-35.68,1,0.5
2021,China,104.2,35.86,8,3.5
2021,Colombia,-74.3,4.57,71,6.64974712
2021,Djibouti,42.59,11.83,1,0.5
2021,Egypt,30.8,26.82,13,4.200439718
2021,El Salvador,-88.9,13.79,2,1.5
2021,Ethiopia,40.49,9.15,488,9.430737338
2021,France,2.21,46.23,3,2.084962501
2021,Germany,10.45,51.17,3,2.084962501
2021,Greece,21.82,39.07,1,0.5
2021,India,78.96,20.59,135,7.576815597
2021,Indonesia,113.92,-0.79,27,5.254887502
2021,Iran,53.69,32.43,2,1.5
2021,Iraq,43.68,33.22,307,8.762094845
2021,Israel,34.85,31.05,13,4.200439718
2021,Ivory Coast,-5.55,7.54,12,4.084962501
2021,Kenya,37.91,-0.02,32,5.5
2021,Latvia,24.6,56.88,1,0.5
2021,Lebanon,35.86,33.85,1,0.5
2021,Libya,17.23,26.34,13,4.200439718
2021,Mali,-4,17.57,299,8.724001674
2021,Mexico,-102.55,23.63,12,4.084962501
2021,Mozambique,35.53,-18.67,154,7.766786541
2021,Niger,8.08,17.61,447,9.304131021
2021,Nigeria,8.68,9.08,1493,11.04399845
2021,Pakistan,69.35,30.38,196,8.114709844
2021,Paraguay,-58.44,-23.44,1,0.5
2021,Peru,-75.02,-9.19,20,4.821928095
2021,Philippines,121.77,12.88,100,7.14385619
2021,South Africa,22.94,-30.56,8,3.5
2021,Sri Lanka,80.77,7.87,1,0.5
2021,Sudan,30.22,12.86,59,6.382643049
2021,Syria,39,34.8,248,8.45419631
2021,Thailand,100.99,15.87,11,3.959431619
2021,Tunisia,9.54,33.89,5,2.821928095
2021,Turkey,35.24,38.96,5,2.821928095
2021,Uganda,32.29,1.37,2,1.5
2021,Ukraine,31.17,48.38,7,3.307354922
2021,United Kingdom,-3.44,55.38,1,0.5
2021,United States,-95.71,37.09,26,5.200439718
2021,Venezuela,-66.59,6.42,14,4.307354922
2021,Yemen,44.13,15.21,859,10.24651432
