iyear,longitude,latitude,radius
1970,-63.62,-38.42,2.609437912
1970,-51.93,-14.24,1.693147181
1970,-106.35,56.13,1
1970,-0.19,51.52,1
1970,40.49,9.15,1
1970,21.82,39.07,1.693147181
1970,-90.23,15.78,1.693147181
1970,-8.24,53.41,1
1970,36.24,30.59,1
1970,5.29,52.13,1
1970,69.35,30.38,2.386294361
1970,-58.44,-23.44,1
1970,121.77,12.88,4.713572067
1970,8.23,46.82,4.850147602
1970,-3.44,55.38,3.995732274
1970,-95.71,37.09,4.496507561
1970,-55.77,-32.52,2.098612289
1970,10.45,51.17,3.079441542
1971,-63.62,-38.42,2.609437912
1971,104.55,11.33,1.693147181
1971,30.8,26.82,1
1971,53.69,32.43,2.386294361
1971,-8.24,53.41,1
1971,34.85,31.05,1
1971,18.64,60.13,1
1971,120.96,23.7,4.218875825
1971,35.24,38.96,1
1971,-3.44,55.38,5.700480366
1971,-95.71,37.09,3.995732274
1971,-55.77,-32.52,1
1971,27.85,-13.13,1
1972,-63.62,-38.42,2.609437912
1972,133.78,-25.27,1
1972,14.55,47.52,2.386294361
1972,104.55,11.33,1
1972,-106.35,56.13,1
1972,-74.3,4.57,1
1972,15.47,49.82,4.258096538
1972,2.21,46.23,1
1972,53.69,32.43,1
1972,-8.24,53.41,2.791759469
1972,34.85,31.05,4.258096538
1972,12.57,41.87,1
1972,36.24,30.59,1.693147181
1972,121.77,12.88,1.693147181
1972,-3.75,40.46,1.693147181
1972,35.24,38.96,2.098612289
1972,-3.44,55.38,6.908082938
1972,-95.71,37.09,3.302585093
1972,10.45,51.17,4.135494216
1973,-63.62,-38.42,3.772588722
1973,33.43,35.13,1
1973,2.21,46.23,2.609437912
1973,21.82,39.07,2.609437912
1973,53.69,32.43,1
1973,-8.24,53.41,2.386294361
1973,34.85,31.05,1.693147181
1973,12.57,41.87,5.127134385
1973,35.86,33.85,2.386294361
1973,-102.55,23.63,1
1973,5.29,52.13,1
1973,-3.75,40.46,2.791759469
1973,30.22,12.86,2.098612289
1973,-3.44,55.38,6.347107531
1973,-95.71,37.09,4.80666249
1973,10.45,51.17,1
1973,121.02,14.48,1
1973,27.85,-13.13,1.693147181
1974,-63.62,-38.42,4.044522438
1974,24.68,-22.33,1
1974,10.45,51.17,1
1974,40.49,9.15,2.098612289
1974,2.21,46.23,2.098612289
1974,21.82,39.07,5.521788577
1974,53.69,32.43,1
1974,-8.24,53.41,4.526360525
1974,34.85,31.05,5.356708827
1974,12.57,41.87,4.135494216
1974,-102.55,23.63,1.693147181
1974,5.29,52.13,1
1974,121.77,12.88,2.098612289
1974,-3.75,40.46,3.944438979
1974,39,34.8,1
1974,100.99,15.87,1.693147181
1974,53.85,23.42,1
1974,-3.44,55.38,6.459585514
1974,-95.71,37.09,3.772588722
1974,10.45,51.17,1
1975,-63.62,-38.42,5.812184355
1975,14.55,47.52,2.386294361
1975,-74.3,4.57,2.945910149
1975,-88.9,13.79,1.693147181
1975,2.21,46.23,2.098612289
1975,21.82,39.07,1
1975,-90.23,15.78,4.135494216
1975,78.96,20.59,2.386294361
1975,53.69,32.43,3.079441542
1975,-8.24,53.41,2.945910149
1975,34.85,31.05,4.17805383
1975,37.91,-0.02,4.295836866
1975,35.86,33.85,4.33220451
1975,-102.55,23.63,4.465735903
1975,18.49,-22.96,1
1975,5.29,52.13,2.386294361
1975,-85.21,12.87,3.397895273
1975,69.35,30.38,1
1975,121.77,12.88,1
1975,-3.75,40.46,4.433987204
1975,80.77,7.87,1
1975,18.64,60.13,2.098612289
1975,-3.44,55.38,6.501258211
1975,-95.71,37.09,4.17805383
1975,10.45,51.17,1
1975,27.85,-13.13,1
1976,-63.62,-38.42,5.804021045
1976,-59.54,13.19,5.290459441
1976,-74.3,4.57,3.302585093
1976,-78.18,-1.83,1
1976,-88.9,13.79,2.098612289
1976,2.21,46.23,2.945910149
1976,21.82,39.07,3.63905733
1976,-90.23,15.78,3.079441542
1976,53.69,32.43,2.609437912
1976,43.68,33.22,3.48490665
1976,-8.24,53.41,2.609437912
1976,34.85,31.05,1
1976,12.57,41.87,3.197224577
1976,138.25,36.2,1.693147181
1976,36.24,30.59,3.197224577
1976,35.86,33.85,2.386294361
1976,-102.55,23.63,4.258096538
1976,18.49,-22.96,2.098612289
1976,8.68,9.08,2.098612289
1976,69.35,30.38,1
1976,-58.44,-23.44,1
1976,121.77,12.88,4.850147602
1976,-8.22,39.4,2.098612289
1976,22.94,-30.56,1.693147181
1976,-3.75,40.46,3.833213344
1976,39,34.8,2.609437912
1976,35.24,38.96,2.945910149
1976,-3.44,55.38,6.575949103
1976,-95.71,37.09,2.386294361
1976,10.45,51.17,2.386294361
1977,-63.62,-38.42,2.945910149
1977,14.55,47.52,1
1977,-74.3,4.57,4.63758616
1977,42.59,11.83,1
1977,-78.18,-1.83,1
1977,30.8,26.82,1
1977,-88.9,13.79,2.386294361
1977,40.49,9.15,2.609437912
1977,2.21,46.23,2.098612289
1977,21.82,39.07,1
1977,-90.23,15.78,2.791759469
1977,113.92,-0.79,1
1977,53.69,32.43,1.693147181
1977,-8.24,53.41,1.693147181
1977,34.85,31.05,2.609437912
1977,12.57,41.87,4.218875825
1977,35.86,33.85,2.098612289
1977,101.98,4.21,5.605170186
1977,14.38,35.94,1
1977,-102.55,23.63,3.397895273
1977,5.29,52.13,3.197224577
1977,-85.21,12.87,4.258096538
1977,22.94,-30.56,2.609437912
1977,-3.75,40.46,4.784189634
1977,39,34.8,1
1977,100.99,15.87,1
1977,35.24,38.96,4.36729583
1977,53.85,23.42,1
1977,-3.44,55.38,5.634728988
1977,-95.71,37.09,2.609437912
1977,-66.59,6.42,1
1977,10.45,51.17,2.791759469
1977,121.02,14.48,1
1977,21.76,-4.04,1
1977,27.85,-13.13,1
1978,-63.62,-38.42,3.564949357
1978,133.78,-25.27,1.693147181
1978,4.47,50.5,1
1978,-51.93,-14.24,1
1978,104.55,11.33,1
1978,-74.3,4.57,5.262679877
1978,33.43,35.13,3.772588722
1978,-0.19,51.52,2.098612289
1978,-78.18,-1.83,1.693147181
1978,30.8,26.82,1.693147181
1978,-88.9,13.79,4.496507561
1978,40.49,9.15,4.218875825
1978,2.21,46.23,4.044522438
1978,-90.23,15.78,4.555348061
1978,-58.93,4.86,2.609437912
1978,53.69,32.43,7.102558595
1978,-8.24,53.41,1
1978,34.85,31.05,4.951243719
1978,12.57,41.87,4.258096538
1978,138.25,36.2,2.386294361
1978,37.91,-0.02,2.386294361
1978,47.48,29.31,1
1978,35.86,33.85,5.672828834
1978,-102.55,23.63,2.945910149
1978,-7.09,31.79,3.302585093
1978,35.53,-18.67,1.693147181
1978,18.49,-22.96,1.693147181
1978,5.29,52.13,1
1978,-85.21,12.87,5.532599493
1978,69.35,30.38,2.609437912
1978,121.77,12.88,5.852030264
1978,22.94,-30.56,2.791759469
1978,-3.75,40.46,5.430816799
1978,100.99,15.87,4.36729583
1978,35.24,38.96,4.688879454
1978,53.85,23.42,2.609437912
1978,-3.44,55.38,5.394449155
1978,-95.71,37.09,3.079441542
1978,-66.59,6.42,1
1979,67.71,33.94,4.970291914
1979,17.87,-11.2,3.944438979
1979,-63.62,-38.42,3.397895273
1979,4.47,50.5,1
1979,-51.93,-14.24,2.386294361
1979,-71.54,-35.68,2.791759469
1979,-74.3,4.57,6.049856007
1979,-83.75,9.75,2.098612289
1979,33.43,35.13,1.693147181
1979,42.59,11.83,2.386294361
1979,-0.19,51.52,1
1979,30.8,26.82,1
1979,-88.9,13.79,6.655991811
1979,40.49,9.15,5.615120517
1979,2.21,46.23,3.397895273
1979,11.61,-0.8,1.693147181
1979,21.82,39.07,1
1979,-90.23,15.78,4.970291914
1979,-58.93,4.86,1
1979,-86.24,15.2,1
1979,78.96,20.59,4.433987204
1979,53.69,32.43,5.043051268
1979,43.68,33.22,1
1979,-8.24,53.41,3.197224577
1979,34.85,31.05,5.143134726
1979,12.57,41.87,4.17805383
1979,-77.3,18.11,2.386294361
1979,138.25,36.2,2.609437912
1979,35.86,33.85,4.496507561
1979,101.98,4.21,2.609437912
1979,-102.55,23.63,2.609437912
1979,35.53,-18.67,4.526360525
1979,18.49,-22.96,4.465735903
1979,5.29,52.13,2.098612289
1979,-85.21,12.87,6.231108617
1979,69.35,30.38,2.791759469
1979,-80.78,8.54,1
1979,-75.02,-9.19,2.609437912
1979,121.77,12.88,5.672828834
1979,-8.22,39.4,2.098612289
1979,45.08,23.89,2.609437912
1979,22.94,-30.56,3.079441542
1979,-3.75,40.46,5.718498871
1979,80.77,7.87,1.693147181
1979,18.64,60.13,1
1979,8.23,46.82,1
1979,39,34.8,5.382026635
1979,34.89,-6.37,1
1979,100.99,15.87,5.127134385
1979,35.24,38.96,5.812184355
1979,32.29,1.37,3.564949357
1979,-3.44,55.38,5.890349128
1979,-95.71,37.09,3.890371758
1980,133.78,-25.27,1.693147181
1980,90.36,23.68,2.791759469
1980,4.47,50.5,1.693147181
1980,-63.59,-16.29,3.397895273
1980,-51.93,-14.24,3.944438979
1980,-71.54,-35.68,2.791759469
1980,-74.3,4.57,6.068904202
1980,33.43,35.13,2.098612289
1980,-0.19,51.52,1
1980,-78.18,-1.83,1.693147181
1980,30.8,26.82,1
1980,-88.9,13.79,8.776115477
1980,2.21,46.23,3.995732274
1980,21.82,39.07,2.609437912
1980,-61.68,12.12,3.197224577
1980,-90.23,15.78,7.269096284
1980,-9.7,9.95,1
1980,-58.93,4.86,1
1980,-86.24,15.2,2.791759469
1980,78.96,20.59,3.833213344
1980,53.69,32.43,5.007333185
1980,43.68,33.22,3.079441542
1980,-8.24,53.41,2.098612289
1980,34.85,31.05,3.63905733
1980,12.57,41.87,5.8978398
1980,-77.3,18.11,3.397895273
1980,36.24,30.59,1
1980,37.91,-0.02,3.708050201
1980,35.86,33.85,5.49980967
1980,-102.55,23.63,2.098612289
1980,18.49,-22.96,1.693147181
1980,-85.21,12.87,4.610917913
1980,69.35,30.38,3.833213344
1980,-58.44,-23.44,2.098612289
1980,-75.02,-9.19,1.693147181
1980,121.77,12.88,6.093750201
1980,-8.22,39.4,2.098612289
1980,22.94,-30.56,4.258096538
1980,-3.75,40.46,5.753590191
1980,39,34.8,5.48863637
1980,100.99,15.87,5.317488114
1980,9.54,33.89,4.713572067
1980,35.24,38.96,5.709530201
1980,53.85,23.42,1
1980,-3.44,55.38,5.356708827
1980,-95.71,37.09,3.708050201
1980,-66.59,6.42,2.098612289
1980,10.45,51.17,3.833213344
1980,29.15,-19.02,3.564949357
1981,17.87,-11.2,2.098612289
1981,133.78,-25.27,1
1981,14.55,47.52,2.098612289
1981,90.36,23.68,2.791759469
1981,4.47,50.5,2.791759469
1981,-63.59,-16.29,1
1981,-51.93,-14.24,1.693147181
1981,20.94,6.61,2.098612289
1981,-71.54,-35.68,3.944438979
1981,-74.3,4.57,6.899897354
1981,-83.75,9.75,2.386294361
1981,-78.18,-1.83,1.693147181
1981,30.8,26.82,5.204692619
1981,-88.9,13.79,8.363913501
1981,2.21,46.23,3.079441542
1981,21.82,39.07,2.098612289
1981,-90.23,15.78,8.230563153
1981,-58.93,4.86,1
1981,-86.24,15.2,2.945910149
1981,78.96,20.59,4.17805383
1981,113.92,-0.79,2.386294361
1981,53.69,32.43,6.411646052
1981,-8.24,53.41,1.693147181
1981,34.85,31.05,2.098612289
1981,12.57,41.87,4.17805383
1981,-77.3,18.11,2.609437912
1981,47.48,29.31,1.693147181
1981,35.86,33.85,6.575949103
1981,28.23,-29.61,3.302585093
1981,35.53,-18.67,2.791759469
1981,-85.21,12.87,6.147494477
1981,69.35,30.38,2.386294361
1981,-80.78,8.54,1
1981,-75.02,-9.19,3.302585093
1981,121.77,12.88,6.170483995
1981,-8.22,39.4,1.693147181
1981,22.94,-30.56,3.079441542
1981,-3.75,40.46,4.663561646
1981,80.77,7.87,2.098612289
1981,30.22,12.86,1.693147181
1981,8.23,46.82,1.693147181
1981,39,34.8,6.257495372
1981,100.99,15.87,4.044522438
1981,35.24,38.96,3.397895273
1981,32.29,1.37,5.043051268
1981,53.85,23.42,1.693147181
1981,-3.44,55.38,5.454347296
1981,-95.71,37.09,3.079441542
1981,-66.59,6.42,1.693147181
1981,10.45,51.17,1.693147181
1981,29.15,-19.02,3.564949357
1982,17.87,-11.2,1.693147181
1982,-63.62,-38.42,1
1982,-51.93,-14.24,4.295836866
1982,25.49,42.73,1.693147181
1982,-106.35,56.13,1
1982,-71.54,-35.68,1.693147181
1982,-74.3,4.57,6.908082938
1982,-83.75,9.75,2.386294361
1982,-0.19,51.52,2.609437912
1982,-78.18,-1.83,1
1982,-88.9,13.79,8.34536484
1982,2.21,46.23,3.833213344
1982,21.82,39.07,1.693147181
1982,-90.23,15.78,8.35372233
1982,-86.24,15.2,4.17805383
1982,78.96,20.59,5.158883083
1982,53.69,32.43,5.934473933
1982,43.68,33.22,5.564348191
1982,-8.24,53.41,1.693147181
1982,12.57,41.87,3.48490665
1982,35.86,33.85,6.455321115
1982,-102.55,23.63,1
1982,35.53,-18.67,3.890371758
1982,18.49,-22.96,1.693147181
1982,-85.21,12.87,6.537334267
1982,69.35,30.38,2.098612289
1982,15.83,-0.23,3.708050201
1982,-75.02,-9.19,6.493061443
1982,121.77,12.88,5.934473933
1982,-8.22,39.4,2.098612289
1982,51.18,25.35,1
1982,22.94,-30.56,3.197224577
1982,-3.75,40.46,4.737669618
1982,80.77,7.87,2.945910149
1982,39,34.8,5.584967479
1982,100.99,15.87,1
1982,35.24,38.96,3.197224577
1982,-3.44,55.38,5.553876892
1982,-95.71,37.09,3.302585093
1982,-66.59,6.42,4.401197382
1982,10.45,51.17,2.609437912
1982,29.15,-19.02,4.091042453
1983,17.87,-11.2,6.641907071
1983,-63.62,-38.42,1
1983,4.47,50.5,1.693147181
1983,-71.54,-35.68,3.708050201
1983,-74.3,4.57,7.079933195
1983,-88.9,13.79,8.418780883
1983,2.21,46.23,3.995732274
1983,-53.13,3.93,1
1983,21.82,39.07,2.386294361
1983,-90.23,15.78,7.272877007
1983,-72.29,18.97,2.609437912
1983,-86.24,15.2,5.317488114
1983,78.96,20.59,5.077537444
1983,43.68,33.22,1
1983,-8.24,53.41,2.609437912
1983,34.85,31.05,3.772588722
1983,12.57,41.87,1.693147181
1983,138.25,36.2,1.693147181
1983,47.48,29.31,1
1983,35.86,33.85,7.421622268
1983,28.23,-29.61,4.401197382
1983,35.53,-18.67,2.609437912
1983,18.49,-22.96,2.386294361
1983,-85.21,12.87,9.094683649
1983,8.68,9.08,1
1983,69.35,30.38,3.302585093
1983,-75.02,-9.19,8.505492275
1983,121.77,12.88,5.615120517
1983,-8.22,39.4,3.079441542
1983,22.94,-30.56,4.33220451
1983,-3.75,40.46,4.737669618
1983,80.77,7.87,2.791759469
1983,18.64,60.13,1
1983,39,34.8,1
1983,35.24,38.96,1.693147181
1983,32.29,1.37,5.795790546
1983,53.85,23.42,5.709530201
1983,-3.44,55.38,5.343805422
1983,-95.71,37.09,3.079441542
1983,-66.59,6.42,2.945910149
1983,10.45,51.17,1.693147181
1983,121.02,14.48,1.693147181
1983,29.15,-19.02,3.397895273
1984,17.87,-11.2,6.187385806
1984,-63.62,-38.42,1
1984,14.55,47.52,1.693147181
1984,90.36,23.68,1
1984,-63.59,-16.29,1
1984,-71.54,-35.68,4.610917913
1984,-74.3,4.57,7.184148891
1984,33.43,35.13,2.791759469
1984,-78.18,-1.83,1
1984,-88.9,13.79,8.181591945
1984,40.49,9.15,6.298317367
1984,2.21,46.23,3.708050201
1984,21.82,39.07,2.609437912
1984,-90.23,15.78,6.141663557
1984,-86.24,15.2,2.609437912
1984,78.96,20.59,6.272999559
1984,113.92,-0.79,1.693147181
1984,53.69,32.43,4.36729583
1984,-8.24,53.41,1
1984,34.85,31.05,2.945910149
1984,12.57,41.87,4.135494216
1984,36.24,30.59,1
1984,47.48,29.31,2.386294361
1984,35.86,33.85,5.110873864
1984,28.23,-29.61,1
1984,17.23,26.34,3.708050201
1984,-102.55,23.63,3.564949357
1984,35.53,-18.67,5.025351691
1984,18.49,-22.96,4.258096538
1984,174.89,-40.9,1
1984,-85.21,12.87,9.193400232
1984,69.35,30.38,3.48490665
1984,-58.44,-23.44,1
1984,-75.02,-9.19,8.810758117
1984,121.77,12.88,6.568344504
1984,-8.22,39.4,2.098612289
1984,24.97,45.94,1
1984,22.94,-30.56,4.044522438
1984,-3.75,40.46,4.931825633
1984,80.77,7.87,7.184148891
1984,30.22,12.86,6.720311777
1984,31.47,-26.52,1
1984,35.24,38.96,4.295836866
1984,32.29,1.37,6.459585514
1984,-3.44,55.38,5.234106505
1984,-95.71,37.09,2.098612289
1984,-66.59,6.42,1.693147181
1984,121.02,14.48,1.693147181
1984,21.76,-4.04,1.693147181
1984,29.15,-19.02,2.386294361
1985,17.87,-11.2,2.791759469
1985,-63.62,-38.42,1.693147181
1985,14.55,47.52,2.386294361
1985,4.47,50.5,3.302585093
1985,-106.35,56.13,6.802118375
1985,-71.54,-35.68,4.401197382
1985,-74.3,4.57,7.840546529
1985,33.43,35.13,2.098612289
1985,9.5,56.26,1
1985,-78.18,-1.83,2.386294361
1985,30.8,26.82,1.693147181
1985,-88.9,13.79,7.920671504
1985,2.21,46.23,3.833213344
1985,21.82,39.07,5.158883083
1985,-90.23,15.78,5.919980926
1985,-86.24,15.2,2.945910149
1985,78.96,20.59,4.931825633
1985,113.92,-0.79,2.945910149
1985,53.69,32.43,4.091042453
1985,-8.24,53.41,1.693147181
1985,12.57,41.87,3.944438979
1985,138.25,36.2,1.693147181
1985,47.48,29.31,3.397895273
1985,35.86,33.85,7.486160789
1985,35.53,-18.67,3.079441542
1985,18.49,-22.96,5.304065093
1985,84.12,28.39,2.791759469
1985,-85.21,12.87,8.362010551
1985,8.08,17.61,2.098612289
1985,-75.02,-9.19,7.591673732
1985,121.77,12.88,7.11368218
1985,-8.22,39.4,1
1985,24.97,45.94,1.693147181
1985,45.08,23.89,1
1985,22.94,-30.56,5.406719247
1985,-3.75,40.46,5.204692619
1985,80.77,7.87,7.415096959
1985,39,34.8,4.401197382
1985,0.82,8.62,1
1985,35.24,38.96,1
1985,32.29,1.37,4.465735903
1985,-3.44,55.38,5.158883083
1985,-95.71,37.09,2.098612289
1985,10.45,51.17,3.197224577
1985,29.15,-19.02,2.609437912
1986,17.87,-11.2,5.779123493
1986,-63.62,-38.42,1.693147181
1986,133.78,-25.27,1
1986,90.36,23.68,4.988984047
1986,-63.59,-16.29,1
1986,-51.93,-14.24,3.63905733
1986,-71.54,-35.68,4.091042453
1986,-74.3,4.57,7.647688374
1986,33.43,35.13,1
1986,10.45,51.17,1
1986,-78.18,-1.83,3.564949357
1986,30.8,26.82,3.48490665
1986,-88.9,13.79,6.680172609
1986,40.49,9.15,4.688879454
1986,2.21,46.23,4.218875825
1986,21.82,39.07,2.791759469
1986,-90.23,15.78,4.988984047
1986,-86.24,15.2,3.302585093
1986,78.96,20.59,6.828945618
1986,53.69,32.43,4.663561646
1986,34.85,31.05,3.079441542
1986,12.57,41.87,1
1986,-77.3,18.11,2.098612289
1986,138.25,36.2,2.098612289
1986,35.86,33.85,6.509388337
1986,101.98,4.21,3.995732274
1986,14.38,35.94,1
1986,-7.09,31.79,1.693147181
1986,35.53,-18.67,7.152732695
1986,18.49,-22.96,2.609437912
1986,-85.21,12.87,6.978885765
1986,69.35,30.38,5.094344562
1986,-75.02,-9.19,7.240275845
1986,121.77,12.88,6.774551546
1986,-8.22,39.4,1
1986,45.08,23.89,5.127134385
1986,22.94,-30.56,6.030437921
1986,-3.75,40.46,5.043051268
1986,80.77,7.87,7.536691598
1986,30.22,12.86,3.079441542
1986,-56.03,3.92,1.693147181
1986,18.64,60.13,1
1986,39,34.8,3.079441542
1986,35.24,38.96,4.258096538
1986,32.29,1.37,1
1986,-3.44,55.38,5.143134726
1986,-95.71,37.09,1
1986,-66.59,6.42,3.564949357
1986,10.45,51.17,3.197224577
1986,27.85,-13.13,1.693147181
1986,29.15,-19.02,1
1987,17.87,-11.2,2.609437912
1987,-63.62,-38.42,2.098612289
1987,90.36,23.68,4.258096538
1987,4.47,50.5,1
1987,-63.59,-16.29,1
1987,24.68,-22.33,2.098612289
1987,-71.54,-35.68,3.197224577
1987,-74.3,4.57,7.484635236
1987,33.43,35.13,1
1987,42.59,11.83,3.302585093
1987,-0.19,51.52,2.945910149
1987,30.8,26.82,1
1987,-88.9,13.79,7.042632834
1987,2.21,46.23,2.609437912
1987,21.82,39.07,1.693147181
1987,-90.23,15.78,6.351858133
1987,-72.29,18.97,2.386294361
1987,-86.24,15.2,4.044522438
1987,78.96,20.59,7.226536669
1987,-8.24,53.41,2.791759469
1987,34.85,31.05,3.397895273
1987,12.57,41.87,2.098612289
1987,138.25,36.2,1
1987,47.48,29.31,1
1987,35.86,33.85,6.18178355
1987,-7.09,31.79,6.298317367
1987,35.53,-18.67,7.148468296
1987,18.49,-22.96,1.693147181
1987,-85.21,12.87,7.308098442
1987,8.47,60.47,1
1987,69.35,30.38,6.209486153
1987,-80.78,8.54,1
1987,-75.02,-9.19,7.650279049
1987,121.77,12.88,7.001414878
1987,22.94,-30.56,5.787491743
1987,-3.75,40.46,5.219507705
1987,80.77,7.87,8.149916836
1987,-56.03,3.92,2.791759469
1987,31.47,-26.52,2.386294361
1987,8.23,46.82,1
1987,35.24,38.96,6.231108617
1987,32.29,1.37,1
1987,-3.44,55.38,5.644390899
1987,-95.71,37.09,1
1987,-66.59,6.42,2.098612289
1987,10.45,51.17,1.693147181
1987,29.15,-19.02,4.555348061
1988,67.71,33.94,5.852030264
1988,17.87,-11.2,5.976733742
1988,-63.62,-38.42,1
1988,90.36,23.68,5.465908119
1988,4.47,50.5,1
1988,-63.59,-16.29,1.693147181
1988,24.68,-22.33,1
1988,-71.54,-35.68,3.944438979
1988,-74.3,4.57,7.999422468
1988,33.43,35.13,2.791759469
1988,-78.18,-1.83,2.386294361
1988,30.8,26.82,1
1988,-88.9,13.79,6.888877958
1988,2.21,46.23,2.791759469
1988,21.82,39.07,3.63905733
1988,-90.23,15.78,5.905274778
1988,-72.29,18.97,2.098612289
1988,-86.24,15.2,4.465735903
1988,78.96,20.59,7.873163834
1988,53.69,32.43,3.890371758
1988,43.68,33.22,4.761200116
1988,34.85,31.05,3.48490665
1988,12.57,41.87,2.791759469
1988,47.48,29.31,1.693147181
1988,35.86,33.85,6.170483995
1988,28.23,-29.61,2.386294361
1988,101.98,4.21,3.197224577
1988,73.54,1.98,3.944438979
1988,-102.55,23.63,1.693147181
1988,35.53,-18.67,5.976733742
1988,18.49,-22.96,4.218875825
1988,5.29,52.13,2.386294361
1988,-85.21,12.87,6.33753808
1988,8.68,9.08,2.386294361
1988,69.35,30.38,5.912654886
1988,-75.02,-9.19,7.751101469
1988,121.77,12.88,7.309918278
1988,-8.22,39.4,1.693147181
1988,-14.45,14.5,1.693147181
1988,22.94,-30.56,6.023880521
1988,-3.75,40.46,4.218875825
1988,80.77,7.87,7.785587645
1988,30.22,12.86,5.060443011
1988,-56.03,3.92,2.791759469
1988,100.99,15.87,3.302585093
1988,35.24,38.96,5.624972813
1988,32.29,1.37,6.075173815
1988,-3.44,55.38,6.913503006
1988,-95.71,37.09,1
1988,-66.59,6.42,4.713572067
1988,10.45,51.17,1
1988,21.76,-4.04,4.33220451
1988,27.85,-13.13,3.197224577
1988,29.15,-19.02,1.693147181
1989,67.71,33.94,3.302585093
1989,17.87,-11.2,5.477336814
1989,-63.62,-38.42,4.258096538
1989,14.55,47.52,2.098612289
1989,90.36,23.68,5.875197323
1989,4.47,50.5,2.386294361
1989,-63.59,-16.29,1.693147181
1989,-51.93,-14.24,1
1989,104.55,11.33,3.397895273
1989,-106.35,56.13,3.708050201
1989,-71.54,-35.68,3.944438979
1989,104.2,35.86,3.995732274
1989,-74.3,4.57,7.621405652
1989,-83.75,9.75,1
1989,33.43,35.13,1
1989,-0.19,51.52,1
1989,-78.18,-1.83,3.197224577
1989,30.8,26.82,1
1989,-88.9,13.79,6.857933154
1989,40.49,9.15,1
1989,2.21,46.23,2.098612289
1989,21.82,39.07,2.386294361
1989,-90.23,15.78,4.761200116
1989,-86.24,15.2,3.197224577
1989,78.96,20.59,7.773080376
1989,113.92,-0.79,5.442651256
1989,53.69,32.43,3.63905733
1989,-8.24,53.41,2.098612289
1989,34.85,31.05,4.555348061
1989,138.25,36.2,1.693147181
1989,37.91,-0.02,2.386294361
1989,102.5,19.86,1.693147181
1989,35.86,33.85,5.736198448
1989,35.53,-18.67,7.56526497
1989,18.49,-22.96,1
1989,-85.21,12.87,4.871201011
1989,8.08,17.61,6.141663557
1989,69.35,30.38,5.025351691
1989,-75.02,-9.19,8.314552832
1989,121.77,12.88,6.973809612
1989,-8.22,39.4,1
1989,51.18,25.35,2.098612289
1989,45.08,23.89,1
1989,22.94,-30.56,5.043051268
1989,-3.75,40.46,4.36729583
1989,80.77,7.87,8.507690078
1989,30.22,12.86,3.63905733
1989,-56.03,3.92,3.63905733
1989,100.99,15.87,4.555348061
1989,35.24,38.96,6.446737372
1989,32.29,1.37,5.276666119
1989,53.85,23.42,1
1989,-3.44,55.38,5.189654742
1989,-95.71,37.09,2.098612289
1989,-55.77,-32.52,1
1989,-66.59,6.42,3.63905733
1989,10.45,51.17,2.609437912
1989,27.85,-13.13,4.496507561
1989,29.15,-19.02,4.044522438
1990,67.71,33.94,3.48490665
1990,1.66,28.03,2.098612289
1990,17.87,-11.2,5.990432587
1990,-63.62,-38.42,1
1990,90.36,23.68,5.189654742
1990,4.47,50.5,1.693147181
1990,-63.59,-16.29,2.791759469
1990,24.68,-22.33,2.791759469
1990,-51.93,-14.24,2.098612289
1990,-71.54,-35.68,3.079441542
1990,104.2,35.86,1.693147181
1990,-74.3,4.57,7.542471961
1990,42.59,11.83,1
1990,-0.19,51.52,2.098612289
1990,-78.18,-1.83,2.098612289
1990,30.8,26.82,4.044522438
1990,-88.9,13.79,6.683579767
1990,40.49,9.15,3.833213344
1990,2.21,46.23,2.098612289
1990,21.82,39.07,1.693147181
1990,-90.23,15.78,5.219507705
1990,-72.29,18.97,3.564949357
1990,-86.24,15.2,2.098612289
1990,78.96,20.59,7.81014245
1990,113.92,-0.79,3.48490665
1990,53.69,32.43,3.302585093
1990,34.85,31.05,4.80666249
1990,138.25,36.2,1.693147181
1990,35.86,33.85,5.727387819
1990,-9.43,6.43,1.693147181
1990,-4,17.57,3.63905733
1990,-102.55,23.63,2.098612289
1990,35.53,-18.67,6.220355825
1990,5.29,52.13,1.693147181
1990,-85.21,12.87,4.135494216
1990,69.35,30.38,6.236441963
1990,-80.78,8.54,1.693147181
1990,-75.02,-9.19,8.044032897
1990,121.77,12.88,7.124683391
1990,19.15,51.92,1
1990,-14.45,14.5,3.995732274
1990,22.94,-30.56,6.010635294
1990,-3.75,40.46,4.465735903
1990,80.77,7.87,8.239214974
1990,18.64,60.13,1
1990,8.23,46.82,1
1990,100.99,15.87,4.091042453
1990,35.24,38.96,7.238324625
1990,32.29,1.37,5.430816799
1990,-3.44,55.38,5.33073334
1990,-95.71,37.09,2.609437912
1990,10.45,51.17,1
1990,27.85,-13.13,3.995732274
1990,29.15,-19.02,3.197224577
1991,67.71,33.94,5.219507705
1991,1.66,28.03,4.737669618
1991,17.87,-11.2,5.234106505
1991,-63.62,-38.42,1
1991,47.58,40.14,4.258096538
1991,50.56,26.07,1
1991,90.36,23.68,5.234106505
1991,4.47,50.5,1
1991,-88.5,17.19,1.693147181
1991,-63.59,-16.29,2.945910149
1991,-51.93,-14.24,3.48490665
1991,29.92,-3.37,5.762173935
1991,104.55,11.33,3.772588722
1991,12.35,7.37,4.583518938
1991,20.94,6.61,2.098612289
1991,18.73,15.45,4.688879454
1991,-71.54,-35.68,3.772588722
1991,-74.3,4.57,7.609349243
1991,15.2,45.1,6.468060141
1991,15.47,49.82,1
1991,42.59,11.83,3.079441542
1991,-0.19,51.52,1
1991,30.8,26.82,3.079441542
1991,-88.9,13.79,7.054439346
1991,40.49,9.15,6.081404365
1991,2.21,46.23,2.791759469
1991,-82.9,32.17,1.693147181
1991,10.45,51.17,3.397895273
1991,21.82,39.07,3.708050201
1991,-90.23,15.78,5.290459441
1991,-72.29,18.97,5.919980926
1991,-86.24,15.2,3.890371758
1991,78.96,20.59,8.014814351
1991,113.92,-0.79,4.044522438
1991,53.69,32.43,1.693147181
1991,43.68,33.22,1
1991,-8.24,53.41,2.098612289
1991,34.85,31.05,4.17805383
1991,138.25,36.2,1
1991,36.24,30.59,1
1991,47.48,29.31,1
1991,35.86,33.85,5.584967479
1991,46.87,-18.77,2.386294361
1991,-4,17.57,4.761200116
1991,-102.55,23.63,3.564949357
1991,-7.09,31.79,2.098612289
1991,35.53,-18.67,6.602118821
1991,18.49,-22.96,2.098612289
1991,-85.21,12.87,4.988984047
1991,8.08,17.61,3.079441542
1991,8.68,9.08,3.302585093
1991,69.35,30.38,6.442417711
1991,-80.78,8.54,1.693147181
1991,-75.02,-9.19,8.252762418
1991,121.77,12.88,7.068425588
1991,24.97,45.94,1
1991,-14.45,14.5,2.609437912
1991,-11.78,8.46,5.852030264
1991,103.82,1.35,2.386294361
1991,22.94,-30.56,6.950642553
1991,-3.75,40.46,4.828641396
1991,80.77,7.87,7.941190055
1991,30.22,12.86,4.465735903
1991,-56.03,3.92,1
1991,18.64,60.13,1
1991,120.96,23.7,2.945910149
1991,100.99,15.87,3.397895273
1991,0.82,8.62,3.564949357
1991,9.54,33.89,2.386294361
1991,35.24,38.96,6.730099783
1991,32.29,1.37,1.693147181
1991,-3.44,55.38,5.477336814
1991,-95.71,37.09,4.258096538
1991,-66.59,6.42,4.850147602
1991,44.13,15.21,1
1991,121.02,14.48,2.791759469
1991,21.76,-4.04,2.098612289
1992,67.71,33.94,4.891820298
1992,20.17,41.15,1
1992,1.66,28.03,6.463831805
1992,17.87,-11.2,5.574710979
1992,-63.62,-38.42,4.496507561
1992,45.04,40.07,1.693147181
1992,133.78,-25.27,1
1992,47.58,40.14,6.225746674
1992,90.36,23.68,5.615120517
1992,-59.54,13.19,2.098612289
1992,4.47,50.5,1
1992,-88.5,17.19,1
1992,-63.59,-16.29,2.609437912
1992,-51.93,-14.24,4.33220451
1992,29.92,-3.37,5.110873864
1992,104.55,11.33,5.158883083
1992,12.35,7.37,2.791759469
1992,20.94,6.61,1
1992,18.73,15.45,6.135798437
1992,-71.54,-35.68,3.48490665
1992,104.2,35.86,3.197224577
1992,-74.3,4.57,7.447305863
1992,15.2,45.1,1.693147181
1992,-77.78,21.52,2.098612289
1992,9.5,56.26,1
1992,42.59,11.83,6.429345629
1992,-0.19,51.52,1
1992,-78.18,-1.83,1.693147181
1992,30.8,26.82,4.891820298
1992,-88.9,13.79,4.135494216
1992,40.49,9.15,6.799092654
1992,178.07,-17.71,1
1992,2.21,46.23,3.197224577
1992,-82.9,32.17,5.691347882
1992,10.45,51.17,3.833213344
1992,21.82,39.07,1.693147181
1992,-90.23,15.78,4.33220451
1992,-72.29,18.97,3.890371758
1992,-86.24,15.2,2.609437912
1992,114.11,22.4,1
1992,78.96,20.59,8.049254841
1992,113.92,-0.79,4.496507561
1992,53.69,32.43,3.197224577
1992,43.68,33.22,5.762173935
1992,34.85,31.05,4.33220451
1992,12.57,41.87,3.833213344
1992,-5.55,7.54,1
1992,-77.3,18.11,2.609437912
1992,36.24,30.59,1
1992,37.91,-0.02,6.043425117
1992,47.48,29.31,1.693147181
1992,102.5,19.86,2.098612289
1992,35.86,33.85,5.369447852
1992,-9.43,6.43,4.610917913
1992,46.87,-18.77,3.772588722
1992,34.3,-13.25,4.465735903
1992,-4,17.57,2.609437912
1992,14.38,35.94,1
1992,-102.55,23.63,2.791759469
1992,-7.09,31.79,1.693147181
1992,35.53,-18.67,6.043425117
1992,84.12,28.39,3.197224577
1992,-85.21,12.87,4.091042453
1992,8.08,17.61,4.526360525
1992,8.68,9.08,5.905274778
1992,69.35,30.38,6.023880521
1992,-80.78,8.54,2.098612289
1992,-75.02,-9.19,7.706862337
1992,121.77,12.88,6.978885765
1992,19.15,51.92,2.386294361
1992,105.32,61.52,4.526360525
1992,-14.45,14.5,5.158883083
1992,-11.78,8.46,4.044522438
1992,22.94,-30.56,7.559615237
1992,-3.75,40.46,4.36729583
1992,80.77,7.87,7.891625897
1992,30.22,12.86,3.564949357
1992,18.64,60.13,1.693147181
1992,8.23,46.82,2.791759469
1992,120.96,23.7,3.772588722
1992,100.99,15.87,4.663561646
1992,0.82,8.62,3.48490665
1992,35.24,38.96,8.117205503
1992,32.29,1.37,1.693147181
1992,31.17,48.38,1
1992,-3.44,55.38,5.574710979
1992,-95.71,37.09,1.693147181
1992,-66.59,6.42,2.945910149
1992,44.13,15.21,3.995732274
1992,121.02,14.48,2.098612289
1992,21.76,-4.04,3.302585093
1994,67.71,33.94,4.091042453
1994,20.17,41.15,1
1994,1.66,28.03,7.214608098
1994,17.87,-11.2,5.682131227
1994,-63.62,-38.42,5.454347296
1994,45.04,40.07,3.708050201
1994,133.78,-25.27,2.098612289
1994,47.58,40.14,4.401197382
1994,90.36,23.68,4.401197382
1994,-63.59,-16.29,1
1994,-51.93,-14.24,3.708050201
1994,25.49,42.73,1
1994,29.92,-3.37,6.579729826
1994,104.55,11.33,6.416100402
1994,12.35,7.37,4.496507561
1994,20.94,6.61,1.693147181
1994,18.73,15.45,1
1994,104.2,35.86,3.890371758
1994,-74.3,4.57,6.384495063
1994,-83.75,9.75,1
1994,15.2,45.1,2.098612289
1994,-77.78,21.52,2.098612289
1994,33.43,35.13,1.693147181
1994,42.59,11.83,2.791759469
1994,-0.19,51.52,1.693147181
1994,30.8,26.82,6.153291594
1994,-88.9,13.79,4.091042453
1994,40.49,9.15,2.791759469
1994,2.21,46.23,2.945910149
1994,-15.31,13.44,3.564949357
1994,-82.9,32.17,4.36729583
1994,10.45,51.17,1.693147181
1994,-1.02,7.95,3.564949357
1994,21.82,39.07,2.098612289
1994,-90.23,15.78,4.091042453
1994,-9.7,9.95,1.693147181
1994,-72.29,18.97,5.465908119
1994,-86.24,15.2,3.302585093
1994,114.11,22.4,2.098612289
1994,78.96,20.59,6.963579344
1994,113.92,-0.79,1
1994,53.69,32.43,5.304065093
1994,43.68,33.22,5.317488114
1994,-8.24,53.41,2.386294361
1994,34.85,31.05,4.988984047
1994,12.57,41.87,1.693147181
1994,-5.55,7.54,2.609437912
1994,-77.3,18.11,1.693147181
1994,138.25,36.2,3.079441542
1994,37.91,-0.02,4.688879454
1994,102.5,19.86,1.693147181
1994,24.6,56.88,1
1994,35.86,33.85,5.043051268
1994,-9.43,6.43,5.700480366
1994,-4,17.57,5.875197323
1994,-102.55,23.63,5.477336814
1994,84.12,28.39,2.386294361
1994,-85.21,12.87,3.48490665
1994,8.08,17.61,4.970291914
1994,8.68,9.08,3.708050201
1994,127.51,40.34,2.098612289
1994,69.35,30.38,6.869296913
1994,-80.78,8.54,4.044522438
1994,-58.44,-23.44,1
1994,-75.02,-9.19,5.394449155
1994,121.77,12.88,5.836281907
1994,-8.22,39.4,1.693147181
1994,105.32,61.52,4.526360525
1994,-14.45,14.5,2.609437912
1994,-11.78,8.46,6.429345629
1994,103.82,1.35,1
1994,15,46.15,1
1994,22.94,-30.56,7.102558595
1994,-3.75,40.46,3.833213344
1994,80.77,7.87,6.225746674
1994,30.22,12.86,3.833213344
1994,120.96,23.7,1
1994,34.89,-6.37,1
1994,100.99,15.87,3.833213344
1994,0.82,8.62,4.850147602
1994,-61.22,10.69,1.693147181
1994,9.54,33.89,1
1994,35.24,38.96,7.889591308
1994,32.29,1.37,4.091042453
1994,31.17,48.38,2.386294361
1994,-3.44,55.38,5.189654742
1994,-95.71,37.09,3.302585093
1994,-66.59,6.42,2.386294361
1994,44.13,15.21,3.63905733
1994,21.76,-4.04,1
1995,67.71,33.94,2.609437912
1995,1.66,28.03,7.035481433
1995,17.87,-11.2,4.951243719
1995,45.04,40.07,1.693147181
1995,14.55,47.52,2.791759469
1995,50.56,26.07,1
1995,90.36,23.68,4.555348061
1995,-51.93,-14.24,3.564949357
1995,25.49,42.73,2.098612289
1995,29.92,-3.37,7.368187186
1995,104.55,11.33,4.044522438
1995,12.35,7.37,2.609437912
1995,-106.35,56.13,1
1995,-71.54,-35.68,1
1995,104.2,35.86,2.791759469
1995,-74.3,4.57,7.255750042
1995,15.2,45.1,1
1995,-78.18,-1.83,2.386294361
1995,30.8,26.82,5.8978398
1995,-88.9,13.79,2.098612289
1995,40.49,9.15,2.609437912
1995,2.21,46.23,3.944438979
1995,-82.9,32.17,3.63905733
1995,10.45,51.17,3.302585093
1995,-1.02,7.95,1.693147181
1995,-90.23,15.78,4.688879454
1995,-72.29,18.97,3.772588722
1995,-86.24,15.2,3.079441542
1995,78.96,20.59,6.888877958
1995,113.92,-0.79,4.713572067
1995,43.68,33.22,6.049856007
1995,-8.24,53.41,1
1995,34.85,31.05,3.833213344
1995,-5.55,7.54,4.688879454
1995,-77.3,18.11,1
1995,138.25,36.2,3.708050201
1995,36.24,30.59,1
1995,37.91,-0.02,1.693147181
1995,35.86,33.85,4.555348061
1995,46.87,-18.77,2.386294361
1995,-4,17.57,1.693147181
1995,14.38,35.94,1
1995,-102.55,23.63,5.110873864
1995,35.53,-18.67,3.708050201
1995,5.29,52.13,1
1995,-85.21,12.87,2.791759469
1995,8.08,17.61,4.091042453
1995,8.68,9.08,1
1995,69.35,30.38,7.568077911
1995,-80.78,8.54,2.098612289
1995,-75.02,-9.19,5.634728988
1995,121.77,12.88,6.303304908
1995,105.32,61.52,5.976733742
1995,45.08,23.89,3.63905733
1995,-14.45,14.5,3.890371758
1995,-11.78,8.46,4.688879454
1995,22.94,-30.56,5.65396035
1995,-3.75,40.46,3.890371758
1995,80.77,7.87,7.927557906
1995,30.22,12.86,2.791759469
1995,8.23,46.82,1
1995,100.99,15.87,3.944438979
1995,-61.22,10.69,2.386294361
1995,9.54,33.89,2.945910149
1995,35.24,38.96,6.241747015
1995,32.29,1.37,5.976733742
1995,-3.44,55.38,3.397895273
1995,-95.71,37.09,6.18178355
1995,-66.59,6.42,3.079441542
1995,44.13,15.21,2.386294361
1995,121.02,14.48,1.693147181
1995,21.76,-4.04,4.761200116
1996,67.71,33.94,4.433987204
1996,20.17,41.15,2.945910149
1996,1.66,28.03,7.270988432
1996,17.87,-11.2,3.890371758
1996,-63.62,-38.42,1
1996,45.04,40.07,1.693147181
1996,133.78,-25.27,1.693147181
1996,47.58,40.14,1.693147181
1996,50.56,26.07,3.079441542
1996,90.36,23.68,5.48863637
1996,-51.93,-14.24,4.091042453
1996,25.49,42.73,3.197224577
1996,29.92,-3.37,8.22329568
1996,104.55,11.33,4.784189634
1996,20.94,6.61,1.693147181
1996,18.73,15.45,1
1996,-71.54,-35.68,1.693147181
1996,104.2,35.86,4.135494216
1996,-74.3,4.57,7.415096959
1996,-83.75,9.75,1
1996,33.43,35.13,2.098612289
1996,-0.19,51.52,2.098612289
1996,-78.18,-1.83,1.693147181
1996,30.8,26.82,5.574710979
1996,-88.9,13.79,4.258096538
1996,25.01,58.6,1
1996,40.49,9.15,5.890349128
1996,2.21,46.23,3.890371758
1996,-82.9,32.17,1.693147181
1996,10.45,51.17,1
1996,-1.02,7.95,2.098612289
1996,-90.23,15.78,3.63905733
1996,-9.7,9.95,1.693147181
1996,-72.29,18.97,3.63905733
1996,-86.24,15.2,3.397895273
1996,78.96,20.59,7.343880434
1996,113.92,-0.79,4.401197382
1996,53.69,32.43,2.098612289
1996,43.68,33.22,3.397895273
1996,-8.24,53.41,1
1996,34.85,31.05,5.248495242
1996,-5.55,7.54,2.609437912
1996,-77.3,18.11,1
1996,37.91,-0.02,1.693147181
1996,102.5,19.86,2.609437912
1996,35.86,33.85,5.043051268
1996,-9.43,6.43,3.302585093
1996,17.23,26.34,3.48490665
1996,46.87,-18.77,1
1996,-102.55,23.63,5.564348191
1996,84.12,28.39,2.791759469
1996,-85.21,12.87,3.890371758
1996,8.08,17.61,1.693147181
1996,8.68,9.08,4.17805383
1996,69.35,30.38,7.047372179
1996,-75.02,-9.19,5.304065093
1996,121.77,12.88,5.553876892
1996,19.15,51.92,1
1996,105.32,61.52,5.905274778
1996,45.08,23.89,3.944438979
1996,-11.78,8.46,5.094344562
1996,22.94,-30.56,5.406719247
1996,-3.75,40.46,2.609437912
1996,80.77,7.87,7.717804695
1996,30.22,12.86,4.688879454
1996,8.23,46.82,1
1996,39,34.8,3.708050201
1996,120.96,23.7,3.197224577
1996,100.99,15.87,3.302585093
1996,0.82,8.62,2.098612289
1996,35.24,38.96,5.762173935
1996,32.29,1.37,7.023447593
1996,-3.44,55.38,3.63905733
1996,-95.71,37.09,1.693147181
1996,-66.59,6.42,3.564949357
1996,44.13,15.21,2.098612289
1996,121.02,14.48,3.197224577
1996,21.76,-4.04,6.407171771
1997,67.71,33.94,2.386294361
1997,20.17,41.15,4.258096538
1997,1.66,28.03,9.358431899
1997,17.87,-11.2,4.526360525
1997,-63.62,-38.42,2.098612289
1997,47.58,40.14,1
1997,-77.4,25.03,1
1997,50.56,26.07,2.609437912
1997,90.36,23.68,3.63905733
1997,27.95,53.71,1
1997,4.47,50.5,2.386294361
1997,-63.59,-16.29,2.386294361
1997,-51.93,-14.24,4.33220451
1997,29.92,-3.37,6.955837369
1997,104.55,11.33,5.605170186
1997,18.73,15.45,1.693147181
1997,104.2,35.86,4.610917913
1997,-74.3,4.57,8.114769448
1997,-83.75,9.75,1.693147181
1997,15.2,45.1,1.693147181
1997,-77.78,21.52,1
1997,42.59,11.83,3.397895273
1997,-0.19,51.52,2.098612289
1997,-78.18,-1.83,1
1997,30.8,26.82,6.105945474
1997,-88.9,13.79,1
1997,40.49,9.15,3.079441542
1997,11.61,-0.8,2.386294361
1997,-82.9,32.17,4.555348061
1997,-1.02,7.95,1
1997,21.82,39.07,1
1997,-90.23,15.78,4.091042453
1997,-72.29,18.97,3.197224577
1997,-86.24,15.2,3.63905733
1997,19.5,47.16,2.098612289
1997,78.96,20.59,7.748759547
1997,113.92,-0.79,5.624972813
1997,43.68,33.22,5.663439094
1997,34.85,31.05,4.433987204
1997,-77.3,18.11,3.302585093
1997,37.91,-0.02,4.583518938
1997,35.86,33.85,4.583518938
1997,23.88,55.17,1
1997,-102.55,23.63,6.433722004
1997,84.12,28.39,3.708050201
1997,-85.21,12.87,2.945910149
1997,8.08,17.61,4.465735903
1997,8.68,9.08,5.672828834
1997,69.35,30.38,7.09356977
1997,-80.78,8.54,2.098612289
1997,-58.44,-23.44,1
1997,-75.02,-9.19,4.850147602
1997,121.77,12.88,5.584967479
1997,19.15,51.92,1.693147181
1997,105.32,61.52,5.110873864
1997,-14.45,14.5,5.521788577
1997,-11.78,8.46,3.772588722
1997,22.94,-30.56,4.135494216
1997,-3.75,40.46,3.397895273
1997,80.77,7.87,7.148468296
1997,30.22,12.86,1
1997,18.64,60.13,1
1997,39,34.8,1.693147181
1997,34.89,-6.37,1
1997,100.99,15.87,3.890371758
1997,35.24,38.96,5.094344562
1997,32.29,1.37,6.476463552
1997,31.17,48.38,1.693147181
1997,-3.44,55.38,4.135494216
1997,-95.71,37.09,1.693147181
1997,-66.59,6.42,2.098612289
1997,108.28,14.06,1
1997,44.13,15.21,3.397895273
1997,121.02,14.48,3.197224577
1997,21.76,-4.04,3.564949357
1998,67.71,33.94,3.079441542
1998,1.66,28.03,7.858565035
1998,17.87,-11.2,6.616771098
1998,29.92,-3.37,6.97126184
1998,104.55,11.33,4.555348061
1998,-106.35,56.13,1
1998,104.2,35.86,4.912023005
1998,-74.3,4.57,7.383506635
1998,30.8,26.82,3.197224577
1998,2.21,46.23,1
1998,-82.9,32.17,4.465735903
1998,78.96,20.59,6.986452005
1998,113.92,-0.79,3.197224577
1998,53.69,32.43,2.791759469
1998,43.68,33.22,3.944438979
1998,-8.24,53.41,1
1998,34.85,31.05,3.833213344
1998,37.91,-0.02,6.420534999
1998,35.86,33.85,3.833213344
1998,-102.55,23.63,2.098612289
1998,8.68,9.08,3.197224577
1998,69.35,30.38,6.017279837
1998,-75.02,-9.19,2.945910149
1998,121.77,12.88,2.791759469
1998,105.32,61.52,4.891820298
1998,-14.45,14.5,2.386294361
1998,-11.78,8.46,6.552959585
1998,22.94,-30.56,3.564949357
1998,-3.75,40.46,2.791759469
1998,80.77,7.87,7.522092798
1998,31.47,-26.52,1
1998,34.89,-6.37,3.397895273
1998,100.99,15.87,2.386294361
1998,35.24,38.96,4.610917913
1998,32.29,1.37,5.394449155
1998,-3.44,55.38,4.828641396
1998,-95.71,37.09,2.386294361
1998,44.13,15.21,3.079441542
1998,121.02,14.48,5.043051268
1999,67.71,33.94,4.663561646
1999,20.17,41.15,2.791759469
1999,1.66,28.03,7.146329258
1999,17.87,-11.2,6.700443573
1999,45.04,40.07,3.079441542
1999,90.36,23.68,4.401197382
1999,-51.93,-14.24,1
1999,29.92,-3.37,5.682131227
1999,104.55,11.33,1
1999,18.73,15.45,5.343805422
1999,104.2,35.86,2.609437912
1999,-74.3,4.57,6.568344504
1999,30.8,26.82,1
1999,40.49,9.15,1.693147181
1999,-82.9,32.17,2.609437912
1999,10.45,51.17,2.098612289
1999,21.82,39.07,1
1999,-90.23,15.78,2.098612289
1999,-72.29,18.97,2.098612289
1999,78.96,20.59,7.150602768
1999,113.92,-0.79,5.204692619
1999,53.69,32.43,2.386294361
1999,43.68,33.22,4.465735903
1999,34.85,31.05,2.791759469
1999,12.57,41.87,1
1999,74.77,41.2,1
1999,35.86,33.85,4.135494216
1999,18.49,-22.96,3.564949357
1999,84.12,28.39,4.135494216
1999,8.08,17.61,2.386294361
1999,8.68,9.08,5.8978398
1999,69.35,30.38,5.844187086
1999,-58.44,-23.44,1.693147181
1999,-75.02,-9.19,4.33220451
1999,121.77,12.88,4.80666249
1999,105.32,61.52,6.978885765
1999,-14.45,14.5,1
1999,-11.78,8.46,4.33220451
1999,22.94,-30.56,2.386294361
1999,80.77,7.87,6.356586275
1999,30.22,12.86,3.772588722
1999,35.24,38.96,5.844187086
1999,32.29,1.37,5.317488114
1999,31.17,48.38,1
1999,-3.44,55.38,3.079441542
1999,-95.71,37.09,3.995732274
1999,64.59,41.38,3.944438979
1999,44.13,15.21,3.397895273
1999,121.02,14.48,3.63905733
1999,27.85,-13.13,1
2000,67.71,33.94,4.63758616
2000,1.66,28.03,7.269096284
2000,17.87,-11.2,6.18178355
2000,90.36,23.68,3.397895273
2000,25.49,42.73,2.386294361
2000,29.92,-3.37,5.574710979
2000,104.55,11.33,3.48490665
2000,20.94,6.61,1
2000,104.2,35.86,1
2000,-74.3,4.57,7.054439346
2000,15.2,45.1,2.098612289
2000,40.49,9.15,2.098612289
2000,178.07,-17.71,2.945910149
2000,2.21,46.23,2.386294361
2000,-82.9,32.17,2.098612289
2000,10.45,51.17,1
2000,21.82,39.07,1
2000,-90.23,15.78,1.693147181
2000,-9.7,9.95,6.327876169
2000,-72.29,18.97,2.609437912
2000,78.96,20.59,7.508769137
2000,113.92,-0.79,5.983606622
2000,53.69,32.43,2.609437912
2000,43.68,33.22,3.302585093
2000,34.85,31.05,3.397895273
2000,-5.55,7.54,2.386294361
2000,37.91,-0.02,4.258096538
2000,74.77,41.2,1.693147181
2000,102.5,19.86,1
2000,24.6,56.88,1
2000,35.86,33.85,3.48490665
2000,101.98,4.21,1.693147181
2000,-102.55,23.63,2.609437912
2000,35.53,-18.67,1
2000,18.49,-22.96,4.17805383
2000,84.12,28.39,5.510859507
2000,-85.21,12.87,1.693147181
2000,69.35,30.38,5.770684624
2000,-75.02,-9.19,2.386294361
2000,121.77,12.88,6.669880923
2000,105.32,61.52,6.891644212
2000,45.08,23.89,1
2000,-14.45,14.5,2.386294361
2000,-11.78,8.46,5.094344562
2000,22.94,-30.56,3.890371758
2000,-3.75,40.46,4.36729583
2000,80.77,7.87,7.068425588
2000,30.22,12.86,4.295836866
2000,100.99,15.87,2.945910149
2000,9.54,33.89,2.609437912
2000,35.24,38.96,3.48490665
2000,32.29,1.37,6.693732139
2000,-3.44,55.38,2.945910149
2000,-95.71,37.09,3.079441542
2000,44.13,15.21,3.944438979
2000,121.02,14.48,2.609437912
2001,67.71,33.94,6.159055299
2001,1.66,28.03,7.436150368
2001,17.87,-11.2,7.74051936
2001,45.04,40.07,1
2001,47.58,40.14,1
2001,90.36,23.68,5.077537444
2001,-51.93,-14.24,1
2001,29.92,-3.37,6.111987788
2001,104.55,11.33,2.386294361
2001,20.94,6.61,2.945910149
2001,104.2,35.86,2.945910149
2001,-74.3,4.57,7.356107661
2001,-83.75,9.75,1
2001,25.01,58.6,1
2001,-82.9,32.17,2.791759469
2001,10.45,51.17,2.098612289
2001,-90.23,15.78,1
2001,19.5,47.16,1
2001,78.96,20.59,7.492239835
2001,113.92,-0.79,5.8978398
2001,43.68,33.22,3.197224577
2001,34.85,31.05,5.905274778
2001,-5.55,7.54,3.48490665
2001,36.24,30.59,1
2001,37.91,-0.02,3.564949357
2001,47.48,29.31,1.693147181
2001,-9.43,6.43,1
2001,-102.55,23.63,3.564949357
2001,18.49,-22.96,1
2001,84.12,28.39,6.147494477
2001,8.68,9.08,2.098612289
2001,8.47,60.47,1
2001,69.35,30.38,5.691347882
2001,-75.02,-9.19,3.772588722
2001,121.77,12.88,6.036952602
2001,51.18,25.35,1
2001,105.32,61.52,6.429345629
2001,45.08,23.89,1.693147181
2001,-14.45,14.5,4.33220451
2001,-3.75,40.46,3.63905733
2001,80.77,7.87,6.272999559
2001,30.22,12.86,3.564949357
2001,8.23,46.82,3.63905733
2001,120.96,23.7,1.693147181
2001,34.89,-6.37,1.693147181
2001,100.99,15.87,3.397895273
2001,9.54,33.89,2.098612289
2001,35.24,38.96,3.833213344
2001,32.29,1.37,5.025351691
2001,-3.44,55.38,3.079441542
2001,-95.71,37.09,9.011023379
2001,44.13,15.21,1.693147181
2001,121.02,14.48,3.079441542
2001,29.15,-19.02,1
2002,67.71,33.94,5.304065093
2002,1.66,28.03,7.421622268
2002,17.87,-11.2,5.077537444
2002,90.36,23.68,4.044522438
2002,25.49,42.73,1
2002,29.92,-3.37,5.204692619
2002,104.55,11.33,2.386294361
2002,18.73,15.45,4.044522438
2002,104.2,35.86,1
2002,-74.3,4.57,6.874930731
2002,40.49,9.15,1
2002,-82.9,32.17,1
2002,-58.93,4.86,2.386294361
2002,78.96,20.59,7.395261598
2002,113.92,-0.79,6.505331536
2002,43.68,33.22,3.302585093
2002,34.85,31.05,6.786897381
2002,12.57,41.87,1
2002,-5.55,7.54,2.098612289
2002,36.24,30.59,2.098612289
2002,37.91,-0.02,3.772588722
2002,47.48,29.31,2.386294361
2002,74.77,41.2,1.693147181
2002,35.86,33.85,1.693147181
2002,-9.43,6.43,2.098612289
2002,34.3,-13.25,1
2002,84.12,28.39,7.186208624
2002,5.29,52.13,1
2002,8.68,9.08,4.33220451
2002,69.35,30.38,5.65396035
2002,-75.02,-9.19,3.197224577
2002,121.77,12.88,5.828313737
2002,105.32,61.52,7.238324625
2002,45.08,23.89,1
2002,-14.45,14.5,3.079441542
2002,22.94,-30.56,1
2002,-3.75,40.46,2.609437912
2002,80.77,7.87,2.098612289
2002,30.22,12.86,7.378426184
2002,34.89,-6.37,4.17805383
2002,100.99,15.87,3.772588722
2002,9.54,33.89,4.044522438
2002,32.29,1.37,6.153291594
2002,31.17,48.38,1
2002,-3.44,55.38,1.693147181
2002,-95.71,37.09,2.386294361
2002,44.13,15.21,2.386294361
2002,29.15,-19.02,3.079441542
2003,67.71,33.94,6.093750201
2003,1.66,28.03,6.59471138
2003,90.36,23.68,2.098612289
2003,29.92,-3.37,5.753590191
2003,104.55,11.33,1
2003,104.2,35.86,1
2003,-74.3,4.57,6.214935758
2003,40.49,9.15,1.693147181
2003,-90.23,15.78,1
2003,-72.29,18.97,2.386294361
2003,78.96,20.59,7.156978986
2003,113.92,-0.79,4.258096538
2003,43.68,33.22,6.96870756
2003,34.85,31.05,6.010635294
2003,37.91,-0.02,2.098612289
2003,47.48,29.31,1
2003,74.77,41.2,1
2003,102.5,19.86,3.302585093
2003,35.86,33.85,2.098612289
2003,-9.43,6.43,1.693147181
2003,-102.55,23.63,1.693147181
2003,-7.09,31.79,4.80666249
2003,84.12,28.39,4.091042453
2003,8.68,9.08,4.33220451
2003,69.35,30.38,5.779123493
2003,-75.02,-9.19,2.945910149
2003,121.77,12.88,6.66296048
2003,105.32,61.52,6.793013608
2003,45.08,23.89,5.007333185
2003,-3.75,40.46,2.098612289
2003,80.77,7.87,4.135494216
2003,100.99,15.87,2.791759469
2003,35.24,38.96,5.204692619
2003,32.29,1.37,6.442417711
2003,-3.44,55.38,1.693147181
2003,44.13,15.21,3.772588722
2004,67.71,33.94,6.616771098
2004,1.66,28.03,6.111987788
2004,90.36,23.68,4.761200116
2004,29.92,-3.37,3.890371758
2004,104.2,35.86,2.386294361
2004,-74.3,4.57,5.418840608
2004,30.8,26.82,4.610917913
2004,40.49,9.15,1
2004,10.45,51.17,1
2004,-90.23,15.78,2.098612289
2004,-72.29,18.97,2.945910149
2004,-86.24,15.2,4.33220451
2004,78.96,20.59,6.811140993
2004,113.92,-0.79,4.737669618
2004,43.68,33.22,8.68294317
2004,34.85,31.05,5.043051268
2004,12.57,41.87,1
2004,-5.55,7.54,3.48490665
2004,35.86,33.85,1
2004,84.12,28.39,7.445719819
2004,5.29,52.13,1
2004,8.68,9.08,4.713572067
2004,69.35,30.38,6.717027701
2004,-75.02,-9.19,2.791759469
2004,121.77,12.88,6.313205979
2004,105.32,61.52,7.368187186
2004,45.08,23.89,5.158883083
2004,-3.75,40.46,6.262690189
2004,80.77,7.87,4.401197382
2004,30.22,12.86,4.33220451
2004,39,34.8,2.386294361
2004,100.99,15.87,4.465735903
2004,35.24,38.96,4.218875825
2004,32.29,1.37,6.262690189
2004,64.59,41.38,4.583518938
2005,67.71,33.94,6.905361848
2005,1.66,28.03,6.429345629
2005,90.36,23.68,4.784189634
2005,29.92,-3.37,3.564949357
2005,104.2,35.86,3.48490665
2005,-74.3,4.57,5.976733742
2005,30.8,26.82,5.521788577
2005,40.49,9.15,3.197224577
2005,-82.9,32.17,3.079441542
2005,10.45,51.17,1.693147181
2005,-72.29,18.97,1
2005,78.96,20.59,7.148468296
2005,113.92,-0.79,5.189654742
2005,53.69,32.43,3.564949357
2005,43.68,33.22,9.126813721
2005,34.85,31.05,4.713572067
2005,12.57,41.87,1
2005,-5.55,7.54,4.713572067
2005,36.24,30.59,5.127134385
2005,37.91,-0.02,5.025351691
2005,47.48,29.31,1.693147181
2005,35.86,33.85,4.465735903
2005,-102.55,23.63,1.693147181
2005,84.12,28.39,6.351858133
2005,8.68,9.08,3.944438979
2005,69.35,30.38,6.023880521
2005,-75.02,-9.19,2.945910149
2005,121.77,12.88,4.891820298
2005,51.18,25.35,1.693147181
2005,105.32,61.52,6.056245805
2005,45.08,23.89,1
2005,80.77,7.87,5.828313737
2005,30.22,12.86,4.988984047
2005,100.99,15.87,5.86753445
2005,35.24,38.96,4.555348061
2005,32.29,1.37,5.382026635
2005,-3.44,55.38,5.043051268
2005,64.59,41.38,3.302585093
2005,44.13,15.21,3.48490665
2006,67.71,33.94,7.601230119
2006,1.66,28.03,6.220355825
2006,90.36,23.68,3.944438979
2006,-51.93,-14.24,1
2006,29.92,-3.37,4.044522438
2006,20.94,6.61,2.386294361
2006,18.73,15.45,5.634728988
2006,-74.3,4.57,5.369447852
2006,30.8,26.82,3.944438979
2006,40.49,9.15,3.48490665
2006,2.21,46.23,1
2006,-82.9,32.17,2.609437912
2006,10.45,51.17,1.693147181
2006,-90.23,15.78,2.609437912
2006,-58.93,4.86,2.791759469
2006,-72.29,18.97,1.693147181
2006,78.96,20.59,7.582025139
2006,113.92,-0.79,2.791759469
2006,53.69,32.43,4.871201011
2006,43.68,33.22,9.436416881
2006,-8.24,53.41,1
2006,34.85,31.05,5.025351691
2006,-5.55,7.54,3.995732274
2006,36.24,30.59,1
2006,37.91,-0.02,3.890371758
2006,74.77,41.2,1
2006,35.86,33.85,3.833213344
2006,-102.55,23.63,2.945910149
2006,84.12,28.39,5.890349128
2006,8.68,9.08,6.537334267
2006,69.35,30.38,6.752572639
2006,-75.02,-9.19,2.945910149
2006,121.77,12.88,5.094344562
2006,105.32,61.52,5.043051268
2006,45.08,23.89,2.386294361
2006,-3.75,40.46,1.693147181
2006,80.77,7.87,7.854354502
2006,30.22,12.86,7.182084907
2006,39,34.8,2.609437912
2006,100.99,15.87,6.267858159
2006,35.24,38.96,4.828641396
2006,-95.71,37.09,1
2006,44.13,15.21,3.63905733
2007,67.71,33.94,8.090909822
2007,1.66,28.03,6.484796933
2007,90.36,23.68,1
2007,29.92,-3.37,2.098612289
2007,12.35,7.37,4.433987204
2007,20.94,6.61,1
2007,18.73,15.45,5.912654886
2007,-74.3,4.57,5.158883083
2007,-77.78,21.52,1
2007,40.49,9.15,6.318119994
2007,25.75,61.92,3.197224577
2007,2.21,46.23,2.098612289
2007,10.45,51.17,1
2007,-72.29,18.97,1
2007,78.96,20.59,7.439350371
2007,53.69,32.43,4.17805383
2007,43.68,33.22,9.804625233
2007,34.85,31.05,3.302585093
2007,37.91,-0.02,4.496507561
2007,35.86,33.85,4.688879454
2007,-4,17.57,3.995732274
2007,-102.55,23.63,4.218875825
2007,-7.09,31.79,3.564949357
2007,35.53,-18.67,2.791759469
2007,84.12,28.39,4.784189634
2007,8.08,17.61,5.189654742
2007,8.68,9.08,5.406719247
2007,69.35,30.38,8.248504072
2007,-75.02,-9.19,3.890371758
2007,121.77,12.88,5.744932128
2007,105.32,61.52,5.007333185
2007,45.08,23.89,2.098612289
2007,-14.45,14.5,1
2007,22.94,-30.56,1
2007,80.77,7.87,7.01615716
2007,30.22,12.86,6.758901774
2007,100.99,15.87,6.575949103
2007,9.54,33.89,3.63905733
2007,35.24,38.96,4.258096538
2007,32.29,1.37,1.693147181
2007,-3.44,55.38,2.386294361
2007,-66.59,6.42,1
2007,44.13,15.21,4.17805383
2008,67.71,33.94,8.002155954
2008,1.66,28.03,6.517452896
2008,47.58,40.14,2.609437912
2008,50.56,26.07,1
2008,90.36,23.68,3.197224577
2008,29.92,-3.37,4.33220451
2008,104.55,11.33,1
2008,12.35,7.37,2.098612289
2008,20.94,6.61,1
2008,18.73,15.45,6.147494477
2008,104.2,35.86,4.663561646
2008,-74.3,4.57,5.442651256
2008,40.49,9.15,4.295836866
2008,-82.9,32.17,3.564949357
2008,-58.93,4.86,4.135494216
2008,78.96,20.59,7.80682936
2008,53.69,32.43,4.258096538
2008,43.68,33.22,8.959974528
2008,34.85,31.05,4.433987204
2008,37.91,-0.02,5.634728988
2008,35.86,33.85,5.955827058
2008,-9.43,6.43,3.48490665
2008,-4,17.57,5.007333185
2008,-102.55,23.63,4.044522438
2008,84.12,28.39,4.912023005
2008,8.08,17.61,2.791759469
2008,8.68,9.08,5.276666119
2008,69.35,30.38,8.076653815
2008,121.77,12.88,6.393627546
2008,105.32,61.52,5.553876892
2008,-14.45,14.5,3.302585093
2008,-3.75,40.46,2.098612289
2008,80.77,7.87,6.866468057
2008,30.22,12.86,6.323009979
2008,39,34.8,3.890371758
2008,100.99,15.87,6.111987788
2008,35.24,38.96,4.737669618
2008,32.29,1.37,2.098612289
2008,-95.71,37.09,1.693147181
2008,-66.59,6.42,1
2008,44.13,15.21,5.304065093
2008,29.15,-19.02,2.945910149
2009,67.71,33.94,7.970730078
2009,1.66,28.03,6.318119994
2009,17.87,-11.2,1.693147181
2009,45.04,40.07,1
2009,14.55,47.52,1
2009,47.58,40.14,1
2009,90.36,23.68,3.890371758
2009,20.94,6.61,4.63758616
2009,104.2,35.86,6.225746674
2009,-74.3,4.57,5.672828834
2009,30.8,26.82,1
2009,40.49,9.15,3.564949357
2009,-82.9,32.17,2.609437912
2009,21.82,39.07,1
2009,-86.24,15.2,1.693147181
2009,19.5,47.16,1.693147181
2009,78.96,20.59,7.651571874
2009,113.92,-0.79,3.708050201
2009,53.69,32.43,5.574710979
2009,43.68,33.22,8.857480787
2009,34.85,31.05,1
2009,35.86,33.85,3.833213344
2009,46.87,-18.77,1.693147181
2009,-4,17.57,4.401197382
2009,-102.55,23.63,1.693147181
2009,84.12,28.39,3.995732274
2009,5.29,52.13,2.945910149
2009,8.08,17.61,3.890371758
2009,8.68,9.08,6.755742214
2009,69.35,30.38,8.304515946
2009,-80.78,8.54,1
2009,-75.02,-9.19,3.944438979
2009,121.77,12.88,6.017279837
2009,105.32,61.52,5.94875989
2009,45.08,23.89,2.609437912
2009,-14.45,14.5,3.197224577
2009,-3.75,40.46,2.098612289
2009,80.77,7.87,6.303304908
2009,30.22,12.86,5.343805422
2009,100.99,15.87,6.598421959
2009,35.24,38.96,3.890371758
2009,32.29,1.37,3.397895273
2009,-3.44,55.38,2.098612289
2009,-95.71,37.09,4.091042453
2009,64.59,41.38,2.098612289
2009,-66.59,6.42,3.302585093
2009,44.13,15.21,4.850147602
2010,67.71,33.94,8.053585727
2010,1.66,28.03,5.691347882
2010,17.87,-11.2,2.386294361
2010,90.36,23.68,3.708050201
2010,29.92,-3.37,3.63905733
2010,12.35,7.37,2.609437912
2010,20.94,6.61,4.828641396
2010,104.2,35.86,2.945910149
2010,-74.3,4.57,5.025351691
2010,40.49,9.15,3.079441542
2010,-82.9,32.17,2.386294361
2010,21.82,39.07,2.386294361
2010,78.96,20.59,7.69950034
2010,53.69,32.43,5.744932128
2010,43.68,33.22,8.637234389
2010,34.85,31.05,2.386294361
2010,-5.55,7.54,3.302585093
2010,36.24,30.59,1
2010,37.91,-0.02,3.944438979
2010,35.86,33.85,1.693147181
2010,-4,17.57,1
2010,84.12,28.39,3.302585093
2010,8.08,17.61,3.197224577
2010,8.68,9.08,5.762173935
2010,69.35,30.38,8.438971592
2010,-58.44,-23.44,1.693147181
2010,121.77,12.88,6.043425117
2010,19.15,51.92,1
2010,105.32,61.52,6.442417711
2010,-14.45,14.5,2.098612289
2010,80.77,7.87,1.693147181
2010,30.22,12.86,5.394449155
2010,18.64,60.13,1
2010,100.99,15.87,6.036952602
2010,35.24,38.96,3.564949357
2010,32.29,1.37,5.317488114
2010,31.17,48.38,1
2010,-95.71,37.09,2.386294361
2010,44.13,15.21,6.843544417
2010,29.15,-19.02,1
2011,67.71,33.94,8.329749689
2011,1.66,28.03,4.218875825
2011,90.36,23.68,3.197224577
2011,27.95,53.71,3.564949357
2011,29.92,-3.37,4.850147602
2011,12.35,7.37,2.386294361
2011,20.94,6.61,4.555348061
2011,104.2,35.86,3.944438979
2011,-74.3,4.57,4.761200116
2011,30.8,26.82,4.33220451
2011,25.01,58.6,1
2011,40.49,9.15,1.693147181
2011,-82.9,32.17,1
2011,10.45,51.17,1.693147181
2011,-86.24,15.2,1.693147181
2011,78.96,20.59,7.212606096
2011,113.92,-0.79,3.995732274
2011,53.69,32.43,3.890371758
2011,43.68,33.22,8.53369371
2011,-8.24,53.41,1
2011,34.85,31.05,4.044522438
2011,12.57,41.87,1.693147181
2011,-5.55,7.54,4.135494216
2011,37.91,-0.02,4.737669618
2011,35.86,33.85,1
2011,-4,17.57,2.609437912
2011,-7.09,31.79,3.833213344
2011,84.12,28.39,3.772588722
2011,8.08,17.61,2.386294361
2011,8.68,9.08,7.102558595
2011,8.47,60.47,5.343805422
2011,69.35,30.38,8.424165281
2011,121.77,12.88,5.844187086
2011,105.32,61.52,6.075173815
2011,45.08,23.89,2.098612289
2011,-14.45,14.5,4.044522438
2011,30.22,12.86,6.262690189
2011,39,34.8,6.093750201
2011,100.99,15.87,6.023880521
2011,9.54,33.89,2.386294361
2011,35.24,38.96,4.218875825
2011,-3.44,55.38,1
2011,44.13,15.21,7.133398043
2012,67.71,33.94,9.166500319
2012,1.66,28.03,4.401197382
2012,50.56,26.07,2.386294361
2012,90.36,23.68,3.079441542
2012,4.47,50.5,1
2012,-51.93,-14.24,1
2012,25.49,42.73,3.079441542
2012,29.92,-3.37,2.791759469
2012,20.94,6.61,3.63905733
2012,104.2,35.86,4.295836866
2012,-74.3,4.57,6.123963979
2012,30.8,26.82,4.784189634
2012,40.49,9.15,4.218875825
2012,2.21,46.23,3.079441542
2012,-82.9,32.17,1
2012,21.82,39.07,1
2012,-90.23,15.78,1.693147181
2012,78.96,20.59,6.575949103
2012,113.92,-0.79,3.708050201
2012,53.69,32.43,3.48490665
2012,43.68,33.22,8.89319887
2012,34.85,31.05,3.63905733
2012,-5.55,7.54,4.80666249
2012,36.24,30.59,1
2012,37.91,-0.02,5.672828834
2012,35.86,33.85,3.197224577
2012,17.23,26.34,4.496507561
2012,101.98,4.21,1.693147181
2012,73.54,1.98,1
2012,-4,17.57,4.970291914
2012,-102.55,23.63,3.833213344
2012,35.53,-18.67,1
2012,84.12,28.39,3.197224577
2012,8.08,17.61,1
2012,8.68,9.08,8.317212408
2012,69.35,30.38,8.931644021
2012,-58.44,-23.44,1
2012,-75.02,-9.19,3.48490665
2012,121.77,12.88,6.356586275
2012,105.32,61.52,6.081404365
2012,45.08,23.89,2.386294361
2012,-14.45,14.5,3.772588722
2012,22.94,-30.56,2.609437912
2012,30.22,12.86,5.094344562
2012,39,34.8,7.776506992
2012,100.99,15.87,6.342334252
2012,9.54,33.89,2.386294361
2012,35.24,38.96,6.525452939
2012,32.29,1.37,2.609437912
2012,31.17,48.38,1
2012,-3.44,55.38,1.693147181
2012,-95.71,37.09,2.945910149
2012,44.13,15.21,7.963189986
2013,67.71,33.94,9.218517577
2013,1.66,28.03,5.615120517
2013,50.56,26.07,2.098612289
2013,90.36,23.68,3.564949357
2013,-51.93,-14.24,1.693147181
2013,29.92,-3.37,2.609437912
2013,12.35,7.37,2.945910149
2013,20.94,6.61,5.795790546
2013,-71.54,-35.68,1.693147181
2013,104.2,35.86,5.094344562
2013,-74.3,4.57,5.912654886
2013,-78.18,-1.83,1
2013,30.8,26.82,6.493061443
2013,40.49,9.15,3.833213344
2013,-82.9,32.17,1.693147181
2013,21.82,39.07,2.386294361
2013,-90.23,15.78,2.386294361
2013,-86.24,15.2,2.609437912
2013,78.96,20.59,7.146329258
2013,113.92,-0.79,4.135494216
2013,53.69,32.43,4.663561646
2013,43.68,33.22,9.8596475
2013,34.85,31.05,1.693147181
2013,-5.55,7.54,2.386294361
2013,37.91,-0.02,6.332718793
2013,35.86,33.85,6.247024072
2013,17.23,26.34,6.446737372
2013,101.98,4.21,1.693147181
2013,-4,17.57,5.919980926
2013,-102.55,23.63,4.850147602
2013,35.53,-18.67,4.610917913
2013,84.12,28.39,2.098612289
2013,8.08,17.61,4.258096538
2013,8.68,9.08,8.608374474
2013,69.35,30.38,8.964155719
2013,-58.44,-23.44,3.48490665
2013,-75.02,-9.19,2.791759469
2013,121.77,12.88,7.068425588
2013,105.32,61.52,5.997212274
2013,45.08,23.89,1
2013,-14.45,14.5,2.945910149
2013,22.94,-30.56,1.693147181
2013,30.22,12.86,6.393627546
2013,39,34.8,8.358830898
2013,34.89,-6.37,3.079441542
2013,100.99,15.87,6.541263545
2013,9.54,33.89,4.218875825
2013,35.24,38.96,5.418840608
2013,31.17,48.38,1
2013,-3.44,55.38,2.386294361
2013,-95.71,37.09,4.135494216
2013,44.13,15.21,7.440946541
2013,29.15,-19.02,1
2014,67.71,33.94,9.59674347
2014,20.17,41.15,1
2014,1.66,28.03,4.610917913
2014,133.78,-25.27,2.386294361
2014,50.56,26.07,3.197224577
2014,90.36,23.68,4.63758616
2014,4.47,50.5,2.386294361
2014,-51.93,-14.24,1.693147181
2014,29.92,-3.37,2.386294361
2014,12.35,7.37,7.670766321
2014,-106.35,56.13,2.945910149
2014,20.94,6.61,7.621405652
2014,18.73,15.45,2.791759469
2014,-71.54,-35.68,1
2014,104.2,35.86,6.774551546
2014,-74.3,4.57,5.96284463
2014,42.59,11.83,2.609437912
2014,30.8,26.82,6.837730447
2014,40.49,9.15,3.197224577
2014,2.21,46.23,1
2014,78.96,20.59,7.194405391
2014,113.92,-0.79,3.995732274
2014,53.69,32.43,3.564949357
2014,43.68,33.22,10.5535754
2014,34.85,31.05,4.891820298
2014,-5.55,7.54,2.386294361
2014,36.24,30.59,1
2014,37.91,-0.02,6.752572639
2014,74.77,41.2,1
2014,35.86,33.85,5.905274778
2014,17.23,26.34,7.542471961
2014,46.87,-18.77,1
2014,101.98,4.21,1
2014,73.54,1.98,1
2014,-4,17.57,5.828313737
2014,-102.55,23.63,1
2014,35.53,-18.67,4.091042453
2014,-85.21,12.87,2.609437912
2014,8.08,17.61,3.397895273
2014,8.68,9.08,9.958668737
2014,69.35,30.38,8.787796878
2014,-58.44,-23.44,2.791759469
2014,-75.02,-9.19,2.386294361
2014,121.77,12.88,7.156978986
2014,105.32,61.52,5.204692619
2014,45.08,23.89,3.995732274
2014,-14.45,14.5,2.945910149
2014,22.94,-30.56,3.197224577
2014,80.77,7.87,2.098612289
2014,30.22,12.86,7.302618976
2014,39,34.8,9.105307516
2014,34.89,-6.37,2.386294361
2014,100.99,15.87,6.257495372
2014,9.54,33.89,4.761200116
2014,35.24,38.96,4.688879454
2014,59.56,38.97,2.098612289
2014,32.29,1.37,5.584967479
2014,31.17,48.38,8.242082359
2014,53.85,23.42,1
2014,-3.44,55.38,1
2014,-95.71,37.09,4.258096538
2014,-66.59,6.42,1
2014,44.13,15.21,8.232733136
2015,67.71,33.94,9.734881892
2015,1.66,28.03,3.995732274
2015,133.78,-25.27,1.693147181
2015,50.56,26.07,2.609437912
2015,90.36,23.68,5.454347296
2015,-51.93,-14.24,2.098612289
2015,29.92,-3.37,6.407171771
2015,12.35,7.37,7.836259277
2015,20.94,6.61,6.141663557
2015,18.73,15.45,6.723585102
2015,104.2,35.86,5.812184355
2015,-74.3,4.57,5.644390899
2015,9.5,56.26,1.693147181
2015,30.8,26.82,7.720220155
2015,40.49,9.15,4.871201011
2015,2.21,46.23,6.087596335
2015,10.45,51.17,1
2015,21.82,39.07,1
2015,-9.7,9.95,1
2015,78.96,20.59,6.958424693
2015,113.92,-0.79,4.091042453
2015,53.69,32.43,4.63758616
2015,43.68,33.22,10.09211974
2015,34.85,31.05,3.995732274
2015,-5.55,7.54,3.63905733
2015,36.24,30.59,2.945910149
2015,37.91,-0.02,6.590986981
2015,47.48,29.31,4.33220451
2015,74.77,41.2,1
2015,35.86,33.85,5.709530201
2015,28.23,-29.61,1
2015,17.23,26.34,7.535241271
2015,101.98,4.21,1
2015,-4,17.57,6.59471138
2015,-102.55,23.63,3.197224577
2015,35.53,-18.67,3.48490665
2015,8.08,17.61,7.501289671
2015,8.68,9.08,9.624611588
2015,69.35,30.38,8.38274645
2015,-58.44,-23.44,3.63905733
2015,-75.02,-9.19,2.791759469
2015,121.77,12.88,7.102558595
2015,105.32,61.52,4.044522438
2015,45.08,23.89,6.365976015
2015,22.94,-30.56,2.609437912
2015,80.77,7.87,2.098612289
2015,30.22,12.86,6.347107531
2015,18.64,60.13,2.386294361
2015,39,34.8,9.274866821
2015,34.89,-6.37,3.302585093
2015,100.99,15.87,5.753590191
2015,9.54,33.89,5.672828834
2015,35.24,38.96,7.194405391
2015,32.29,1.37,2.386294361
2015,31.17,48.38,7.64118217
2015,-3.44,55.38,1
2015,-95.71,37.09,4.988984047
2015,-66.59,6.42,1
2015,44.13,15.21,8.826443135
2016,67.71,33.94,9.722742874
2016,1.66,28.03,3.197224577
2016,45.04,40.07,2.791759469
2016,47.58,40.14,1
2016,50.56,26.07,1
2016,90.36,23.68,5.33073334
2016,4.47,50.5,4.583518938
2016,-51.93,-14.24,1
2016,29.92,-3.37,5.304065093
2016,12.35,7.37,6.59471138
2016,-106.35,56.13,1
2016,20.94,6.61,6.241747015
2016,18.73,15.45,4.091042453
2016,-71.54,-35.68,1.693147181
2016,104.2,35.86,3.564949357
2016,-74.3,4.57,4.951243719
2016,9.5,56.26,1
2016,-78.18,-1.83,1
2016,30.8,26.82,7.411818268
2016,40.49,9.15,6.631211782
2016,2.21,46.23,5.543294782
2016,-82.9,32.17,1
2016,10.45,51.17,4.295836866
2016,-9.7,9.95,1
2016,-72.29,18.97,2.945910149
2016,-86.24,15.2,1.693147181
2016,78.96,20.59,7.146329258
2016,113.92,-0.79,4.091042453
2016,53.69,32.43,3.48490665
2016,43.68,33.22,10.41540142
2016,-8.24,53.41,1.693147181
2016,34.85,31.05,3.772588722
2016,12.57,41.87,1
2016,-5.55,7.54,4.091042453
2016,138.25,36.2,3.944438979
2016,36.24,30.59,4.555348061
2016,37.91,-0.02,5.276666119
2016,47.48,29.31,1
2016,74.77,41.2,1
2016,102.5,19.86,2.098612289
2016,35.86,33.85,4.218875825
2016,17.23,26.34,7.452048954
2016,46.87,-18.77,2.098612289
2016,101.98,4.21,2.791759469
2016,-4,17.57,6.204006687
2016,-102.55,23.63,2.791759469
2016,35.53,-18.67,5.127134385
2016,84.12,28.39,2.609437912
2016,8.08,17.61,6.247024072
2016,8.68,9.08,8.684324068
2016,69.35,30.38,8.014814351
2016,-58.44,-23.44,3.302585093
2016,-75.02,-9.19,3.397895273
2016,121.77,12.88,7.02827852
2016,105.32,61.52,5.158883083
2016,45.08,23.89,6.105945474
2016,-11.78,8.46,1
2016,22.94,-30.56,4.044522438
2016,30.22,12.86,6.204006687
2016,39,34.8,8.941295571
2016,34.89,-6.37,2.098612289
2016,100.99,15.87,5.787491743
2016,9.54,33.89,5.262679877
2016,35.24,38.96,7.915723449
2016,32.29,1.37,5.317488114
2016,31.17,48.38,4.871201011
2016,-3.44,55.38,3.197224577
2016,-95.71,37.09,5.219507705
2016,-55.77,-32.52,1
2016,-66.59,6.42,3.197224577
2016,44.13,15.21,8.532088144
2017,67.71,33.94,9.715224042
2017,1.66,28.03,3.48490665
2017,17.87,-11.2,2.945910149
2017,133.78,-25.27,2.386294361
2017,14.55,47.52,1.693147181
2017,47.58,40.14,2.609437912
2017,50.56,26.07,2.791759469
2017,90.36,23.68,4.218875825
2017,4.47,50.5,1.693147181
2017,29.92,-3.37,3.995732274
2017,12.35,7.37,6.497168225
2017,-106.35,56.13,2.791759469
2017,20.94,6.61,7.403574198
2017,18.73,15.45,5.127134385
2017,104.2,35.86,3.772588722
2017,-74.3,4.57,5.430816799
2017,-0.19,51.52,1.693147181
2017,30.8,26.82,7.777646594
2017,40.49,9.15,5.234106505
2017,25.75,61.92,1.693147181
2017,2.21,46.23,2.945910149
2017,10.45,51.17,1
2017,-86.24,15.2,1.693147181
2017,78.96,20.59,7.142037406
2017,113.92,-0.79,3.995732274
2017,53.69,32.43,4.663561646
2017,43.68,33.22,9.79769958
2017,34.85,31.05,2.386294361
2017,-5.55,7.54,2.098612289
2017,36.24,30.59,2.386294361
2017,37.91,-0.02,5.836281907
2017,74.77,41.2,1
2017,102.5,19.86,1
2017,35.86,33.85,3.833213344
2017,17.23,26.34,6.669880923
2017,101.98,4.21,2.386294361
2017,73.54,1.98,1
2017,-4,17.57,6.894402834
2017,14.38,35.94,1
2017,-102.55,23.63,4.295836866
2017,35.53,-18.67,4.17805383
2017,84.12,28.39,2.386294361
2017,8.08,17.61,5.997212274
2017,8.68,9.08,8.500529485
2017,69.35,30.38,7.981005741
2017,-58.44,-23.44,2.386294361
2017,-75.02,-9.19,3.079441542
2017,121.77,12.88,7.214608098
2017,105.32,61.52,5.110873864
2017,45.08,23.89,4.433987204
2017,22.94,-30.56,4.044522438
2017,-3.75,40.46,4.044522438
2017,80.77,7.87,1
2017,30.22,12.86,5.406719247
2017,18.64,60.13,2.609437912
2017,39,34.8,8.616283562
2017,34.89,-6.37,3.079441542
2017,100.99,15.87,5.276666119
2017,9.54,33.89,2.609437912
2017,35.24,38.96,6.402677382
2017,32.29,1.37,2.945910149
2017,31.17,48.38,4.688879454
2017,-3.44,55.38,4.737669618
2017,-95.71,37.09,5.584967479
2017,-66.59,6.42,2.609437912
2017,44.13,15.21,7.921658184
2018,67.71,33.94,10.19136141
2018,1.66,28.03,3.944438979
2018,133.78,-25.27,1.693147181
2018,14.55,47.52,1
2018,90.36,23.68,3.564949357
2018,4.47,50.5,2.386294361
2018,-63.59,-16.29,3.48490665
2018,-51.93,-14.24,3.302585093
2018,29.92,-3.37,4.583518938
2018,12.35,7.37,6.690359454
2018,-106.35,56.13,3.564949357
2018,20.94,6.61,6.424950017
2018,18.73,15.45,5.718498871
2018,104.2,35.86,1.693147181
2018,-74.3,4.57,5.882801923
2018,-78.18,-1.83,3.302585093
2018,30.8,26.82,5.584967479
2018,40.49,9.15,4.218875825
2018,2.21,46.23,3.564949357
2018,-82.9,32.17,1
2018,-1.02,7.95,1.693147181
2018,21.82,39.07,2.098612289
2018,-9.7,9.95,1
2018,78.96,20.59,7.023447593
2018,113.92,-0.79,5.262679877
2018,53.69,32.43,5.189654742
2018,43.68,33.22,8.266827348
2018,34.85,31.05,3.197224577
2018,-5.55,7.54,1.693147181
2018,36.24,30.59,2.098612289
2018,37.91,-0.02,5.304065093
2018,35.86,33.85,1.693147181
2018,17.23,26.34,6.497168225
2018,101.98,4.21,2.098612289
2018,-4,17.57,7.369900983
2018,-102.55,23.63,4.135494216
2018,-7.09,31.79,1.693147181
2018,35.53,-18.67,5.927253685
2018,5.29,52.13,1
2018,-85.21,12.87,3.197224577
2018,8.08,17.61,5.317488114
2018,8.68,9.08,8.854381211
2018,69.35,30.38,7.546785411
2018,-58.44,-23.44,1.693147181
2018,-75.02,-9.19,2.386294361
2018,121.77,12.88,7.086774727
2018,105.32,61.52,4.135494216
2018,45.08,23.89,3.833213344
2018,-14.45,14.5,3.708050201
2018,22.94,-30.56,4.17805383
2018,-3.75,40.46,1
2018,80.77,7.87,2.098612289
2018,30.22,12.86,4.737669618
2018,39,34.8,8.344072851
2018,34.89,-6.37,3.197224577
2018,100.99,15.87,5.234106505
2018,9.54,33.89,3.772588722
2018,35.24,38.96,5.543294782
2018,32.29,1.37,3.833213344
2018,31.17,48.38,3.63905733
2018,-3.44,55.38,1.693147181
2018,-95.71,37.09,4.80666249
2018,-66.59,6.42,4.465735903
2018,44.13,15.21,8.02464903
2018,29.15,-19.02,1.693147181
2019,67.71,33.94,10.0188166
2019,17.87,-11.2,2.609437912
2019,-63.62,-38.42,1.693147181
2019,90.36,23.68,3.772588722
2019,2.32,9.31,1
2019,-51.93,-14.24,1.693147181
2019,29.92,-3.37,4.218875825
2019,12.35,7.37,6.762051383
2019,20.94,6.61,5.753590191
2019,18.73,15.45,6.241747015
2019,-74.3,4.57,5.905274778
2019,-78.18,-1.83,1.693147181
2019,30.8,26.82,6.023880521
2019,40.49,9.15,5.418840608
2019,25.75,61.92,1
2019,2.21,46.23,3.079441542
2019,11.61,-0.8,1.693147181
2019,10.45,51.17,2.386294361
2019,-1.02,7.95,1.693147181
2019,-72.29,18.97,1.693147181
2019,-86.24,15.2,2.386294361
2019,78.96,20.59,6.736572297
2019,113.92,-0.79,4.044522438
2019,53.69,32.43,4.610917913
2019,43.68,33.22,7.683360946
2019,34.85,31.05,3.197224577
2019,36.24,30.59,2.386294361
2019,37.91,-0.02,5.65396035
2019,35.86,33.85,3.079441542
2019,17.23,26.34,5.49980967
2019,-4,17.57,7.716594774
2019,-102.55,23.63,4.17805383
2019,35.53,-18.67,6.80814249
2019,84.12,28.39,2.945910149
2019,5.29,52.13,2.386294361
2019,174.89,-40.9,4.931825633
2019,8.08,17.61,6.897153868
2019,8.68,9.08,8.448916103
2019,8.47,60.47,1
2019,69.35,30.38,7.033086222
2019,-75.02,-9.19,1
2019,121.77,12.88,6.988961417
2019,105.32,61.52,3.772588722
2019,45.08,23.89,3.302585093
2019,-14.45,14.5,2.098612289
2019,22.94,-30.56,3.302585093
2019,80.77,7.87,6.583496309
2019,30.22,12.86,5.077537444
2019,39,34.8,8.005789019
2019,34.89,-6.37,2.791759469
2019,100.99,15.87,5.276666119
2019,9.54,33.89,3.197224577
2019,35.24,38.96,5.59511985
2019,32.29,1.37,1.693147181
2019,31.17,48.38,3.890371758
2019,-3.44,55.38,2.609437912
2019,-95.71,37.09,4.970291914
2019,-66.59,6.42,1.693147181
2019,44.13,15.21,8.146772179
2020,67.71,33.94,10.21840774
2020,1.66,28.03,2.945910149
2020,17.87,-11.2,3.48490665
2020,133.78,-25.27,1.693147181
2020,14.55,47.52,2.791759469
2020,90.36,23.68,2.098612289
2020,2.32,9.31,1
2020,-51.93,-14.24,2.098612289
2020,29.92,-3.37,4.33220451
2020,12.35,7.37,6.342334252
2020,-106.35,56.13,2.098612289
2020,20.94,6.61,5.634728988
2020,18.73,15.45,6.497168225
2020,-71.54,-35.68,2.098612289
2020,-74.3,4.57,6.141663557
2020,15.2,45.1,1
2020,30.8,26.82,5.96284463
2020,40.49,9.15,8.192934221
2020,2.21,46.23,3.397895273
2020,10.45,51.17,3.63905733
2020,-1.02,7.95,2.386294361
2020,-90.23,15.78,1.693147181
2020,-72.29,18.97,1.693147181
2020,-86.24,15.2,1.693147181
2020,78.96,20.59,6.356586275
2020,113.92,-0.79,3.708050201
2020,53.69,32.43,2.791759469
2020,43.68,33.22,7.263398263
2020,34.85,31.05,3.197224577
2020,-5.55,7.54,3.772588722
2020,37.91,-0.02,5.077537444
2020,35.86,33.85,3.302585093
2020,17.23,26.34,3.397895273
2020,101.98,4.21,1
2020,-4,17.57,7.338594078
2020,-102.55,23.63,3.564949357
2020,35.53,-18.67,7.563855527
2020,84.12,28.39,1
2020,-85.21,12.87,1
2020,8.08,17.61,6.916202063
2020,8.68,9.08,8.650644551
2020,69.35,30.38,6.774551546
2020,-58.44,-23.44,1
2020,121.77,12.88,6.634789603
2020,105.32,61.52,2.791759469
2020,45.08,23.89,1.693147181
2020,22.94,-30.56,2.945910149
2020,30.22,12.86,6.075173815
2020,8.23,46.82,1
2020,39,34.8,7.880384082
2020,34.89,-6.37,4.17805383
2020,100.99,15.87,3.890371758
2020,9.54,33.89,2.609437912
2020,35.24,38.96,4.526360525
2020,32.29,1.37,3.995732274
2020,31.17,48.38,3.079441542
2020,-3.44,55.38,2.791759469
2020,-95.71,37.09,3.48490665
2020,-66.59,6.42,3.63905733
2020,44.13,15.21,7.805722553
2020,29.15,-19.02,1
2021,67.71,33.94,9.374938144
2021,1.66,28.03,2.609437912
2021,90.36,23.68,1.693147181
2021,-51.93,-14.24,1
2021,29.92,-3.37,4.33220451
2021,12.35,7.37,5.418840608
2021,-106.35,56.13,2.386294361
2021,20.94,6.61,5.127134385
2021,18.73,15.45,4.737669618
2021,-71.54,-35.68,1
2021,104.2,35.86,3.079441542
2021,-74.3,4.57,5.262679877
2021,42.59,11.83,1
2021,30.8,26.82,3.564949357
2021,-88.9,13.79,1.693147181
2021,40.49,9.15,7.190315406
2021,2.21,46.23,2.098612289
2021,10.45,51.17,2.098612289
2021,21.82,39.07,1
2021,78.96,20.59,5.905274778
2021,113.92,-0.79,4.295836866
2021,53.69,32.43,1.693147181
2021,43.68,33.22,6.726847748
2021,34.85,31.05,3.564949357
2021,-5.55,7.54,3.48490665
2021,37.91,-0.02,4.465735903
2021,24.6,56.88,1
2021,35.86,33.85,1
2021,17.23,26.34,3.564949357
2021,-4,17.57,6.700443573
2021,-102.55,23.63,3.48490665
2021,35.53,-18.67,6.036952602
2021,8.08,17.61,7.102558595
2021,8.68,9.08,8.308542798
2021,69.35,30.38,6.278114659
2021,-58.44,-23.44,1
2021,-75.02,-9.19,3.995732274
2021,121.77,12.88,5.605170186
2021,22.94,-30.56,3.079441542
2021,80.77,7.87,1
2021,30.22,12.86,5.077537444
2021,39,34.8,6.513428746
2021,100.99,15.87,3.397895273
2021,9.54,33.89,2.609437912
2021,35.24,38.96,2.609437912
2021,32.29,1.37,1.693147181
2021,31.17,48.38,2.945910149
2021,-3.44,55.38,1
2021,-95.71,37.09,4.258096538
2021,-66.59,6.42,3.63905733
2021,44.13,15.21,7.755768922
